# Mo-Nm,Mw,Mw-std,Mw-std-err,Mw-Nobs,UTC
1.903e+12,2.153,0.187,0.108,3,2012-10-01T04:57:41.72
2.787e+11,1.597,0.101,0.059,3,2012-10-01T22:35:11.17
2.079e+12,2.179,0.033,0.019,3,2012-10-02T23:05:33.38
2.907e+10,0.942,0.000,0.000,1,2012-10-03T12:49:37.09
1.912e+12,2.154,0.008,0.006,2,2012-10-03T23:51:36.32
1.536e+12,2.091,0.129,0.074,3,2012-10-06T20:58:14.98
7.446e+11,1.881,0.156,0.045,12,2012-10-08T09:31:19.78
1.695e+12,2.119,0.149,0.061,6,2012-10-09T17:35:06.75
4.621e+12,2.410,0.178,0.089,4,2012-10-09T20:13:38.65
6.153e+11,1.826,0.032,0.016,4,2012-10-11T02:36:30.70
5.892e+10,1.147,0.172,0.100,3,2012-10-12T06:42:01.14
5.161e+10,1.109,0.176,0.102,3,2012-10-13T03:22:53.92
2.691e+10,0.920,0.165,0.117,2,2012-10-16T03:28:11.02
2.420e+12,2.223,0.084,0.049,3,2012-10-17T22:59:46.25
1.648e+12,2.111,0.145,0.103,2,2012-10-19T03:41:41.73
1.173e+12,2.013,0.172,0.077,5,2012-10-19T16:38:03.22
1.279e+12,2.038,0.075,0.038,4,2012-10-20T16:31:31.77
4.037e+12,2.371,0.032,0.018,3,2012-10-20T19:09:48.57
1.704e+12,2.121,0.014,0.010,2,2012-10-20T21:27:03.29
3.919e+10,1.029,0.174,0.101,3,2012-10-21T08:39:55.10
1.917e+11,1.488,0.156,0.110,2,2012-10-21T10:33:33.62
7.908e+11,1.899,0.229,0.102,5,2012-10-21T18:12:40.27
2.396e+10,0.886,0.179,0.127,2,2012-10-22T09:09:29.16
4.148e+12,2.379,0.106,0.053,4,2012-10-23T09:20:49.15
2.588e+10,0.909,0.150,0.106,2,2012-10-24T04:28:11.18
1.062e+11,1.317,0.094,0.066,2,2012-10-24T14:56:34.81
9.971e+10,1.299,0.230,0.162,2,2012-10-24T21:12:02.34
7.373e+12,2.545,0.454,0.185,6,2012-10-25T11:11:39.20
2.126e+12,2.185,0.059,0.034,3,2012-10-26T05:15:57.05
4.348e+12,2.392,0.194,0.087,5,2012-10-26T05:31:42.04
2.616e+12,2.245,0.151,0.087,3,2012-10-26T15:44:30.33
1.405e+11,1.399,0.494,0.285,3,2012-10-26T21:34:34.66
2.134e+12,2.186,0.087,0.043,4,2012-10-26T22:09:02.36
4.502e+12,2.402,0.075,0.034,5,2012-10-27T07:17:26.73
3.131e+11,1.631,0.468,0.331,2,2012-10-27T08:13:28.30
3.088e+12,2.293,0.106,0.075,2,2012-10-27T22:46:29.17
1.006e+12,1.968,0.070,0.040,3,2012-10-28T13:54:38.95
4.268e+12,2.387,0.031,0.016,4,2012-10-29T03:16:37.69
6.000e+11,1.819,0.008,0.005,2,2012-10-29T05:29:05.52
6.602e+12,2.513,0.058,0.029,4,2012-10-29T20:00:24.82
3.258e+12,2.309,0.053,0.038,2,2012-10-29T23:02:35.64
2.051e+13,2.841,0.072,0.036,4,2012-10-29T23:46:06.44
8.369e+12,2.582,0.067,0.039,3,2012-10-30T05:12:45.15
5.721e+12,2.472,0.180,0.074,6,2012-10-31T18:16:28.65
2.558e+12,2.239,0.069,0.034,4,2012-11-01T10:54:05.41
1.382e+12,2.060,0.035,0.025,2,2012-11-01T20:30:58.41
1.266e+12,2.035,0.113,0.056,4,2012-11-02T19:49:59.31
6.183e+11,1.827,0.124,0.072,3,2012-11-03T15:44:22.40
1.426e+12,2.069,0.086,0.039,5,2012-11-03T23:24:24.07
3.088e+12,2.293,0.063,0.031,4,2012-11-04T13:18:05.55
1.841e+13,2.810,0.201,0.090,5,2012-11-05T22:39:09.82
1.781e+12,2.134,0.170,0.098,3,2012-11-13T05:32:26.48
3.448e+12,2.325,0.073,0.042,3,2012-11-18T17:29:04.42
1.613e+12,2.105,0.236,0.136,3,2012-11-21T04:33:47.16
1.306e+12,2.044,0.217,0.108,4,2012-11-21T19:30:08.48
2.189e+10,0.860,0.132,0.093,2,2012-11-22T03:48:49.13
1.444e+12,2.073,0.200,0.116,3,2012-11-22T10:17:02.20
5.701e+10,1.137,0.168,0.119,2,2012-11-23T14:56:20.75
3.007e+12,2.285,0.038,0.027,2,2012-11-25T04:42:19.40
3.140e+12,2.298,0.052,0.026,4,2012-11-25T15:15:21.60
2.619e+12,2.245,0.049,0.035,2,2012-11-26T14:13:27.41
1.213e+10,0.689,0.000,0.000,1,2012-11-28T21:05:22.26
1.041e+12,1.978,0.084,0.059,2,2012-12-02T15:45:47.62
1.972e+10,0.830,0.516,0.298,3,2012-12-05T05:36:07.03
3.552e+11,1.667,0.226,0.160,2,2012-12-05T18:15:22.50
4.273e+11,1.721,0.155,0.077,4,2012-12-06T10:38:25.53
5.194e+11,1.777,0.116,0.082,2,2012-12-12T22:27:07.20
3.798e+10,1.020,0.024,0.017,2,2012-12-14T20:16:08.32
2.762e+10,0.928,0.000,0.000,1,2012-12-14T20:49:20.60
2.785e+12,2.263,0.181,0.128,2,2012-12-17T21:41:17.44
4.376e+12,2.394,0.076,0.044,3,2012-12-18T11:56:49.75
8.418e+14,3.917,0.369,0.261,2,2012-12-19T00:26:53.01
4.024e+20,7.703,0.000,0.000,1,2012-12-21T05:32:55.62
1.029e+10,0.642,0.000,0.000,1,2012-12-29T23:17:10.04
2.129e+12,2.185,0.159,0.080,4,2013-01-02T06:54:14.60
5.323e+11,1.784,0.181,0.069,7,2013-01-13T14:11:36.69
2.781e+13,2.929,0.689,0.487,2,2013-01-16T12:07:41.99
2.886e+12,2.274,0.024,0.017,2,2013-01-22T09:32:02.87
1.236e+12,2.028,0.189,0.057,11,2013-01-23T05:31:48.77
7.414e+12,2.547,0.089,0.063,2,2013-01-24T04:01:05.61
4.299e+11,1.722,0.159,0.065,6,2013-01-24T05:05:58.05
6.151e+11,1.826,0.253,0.073,12,2013-01-26T07:27:35.58
1.310e+12,2.045,0.134,0.067,4,2013-01-27T16:12:00.01
8.207e+12,2.576,0.085,0.060,2,2013-01-28T21:33:52.42
1.412e+12,2.067,0.169,0.098,3,2013-02-15T23:24:18.71
2.409e+12,2.221,0.087,0.039,5,2013-02-20T00:08:38.02
2.029e+12,2.172,0.046,0.023,4,2013-02-20T14:20:19.11
4.923e+11,1.762,0.131,0.053,6,2013-02-25T04:06:23.54
2.253e+12,2.202,0.069,0.034,4,2013-03-08T14:29:00.00
1.911e+12,2.154,0.136,0.068,4,2013-03-09T01:43:44.14
6.568e+11,1.845,0.174,0.078,5,2013-03-12T06:26:50.16
2.745e+12,2.259,0.118,0.068,3,2013-03-12T21:50:16.71
3.669e+12,2.343,0.185,0.083,5,2013-03-13T22:46:17.86
1.148e+12,2.007,0.246,0.082,9,2013-03-16T01:28:34.41
6.667e+12,2.516,0.124,0.071,3,2013-03-19T19:17:28.98
2.485e+12,2.230,0.166,0.096,3,2013-03-21T07:02:26.37
7.042e+12,2.532,0.127,0.073,3,2013-03-21T20:03:43.55
2.664e+12,2.250,0.000,0.000,1,2013-03-21T23:09:26.45
4.374e+12,2.394,0.000,0.000,1,2013-03-26T01:03:22.08
2.429e+12,2.224,0.130,0.075,3,2013-03-26T03:23:25.96
1.828e+12,2.141,0.137,0.079,3,2013-03-26T04:01:55.05
1.899e+12,2.152,0.145,0.103,2,2013-03-26T05:27:19.38
2.242e+12,2.201,0.000,0.000,1,2013-03-26T05:52:02.18
5.269e+12,2.448,0.000,0.000,1,2013-03-26T16:12:52.99
3.269e+12,2.310,0.152,0.076,4,2013-03-27T00:42:29.11
1.827e+12,2.141,0.200,0.100,4,2013-03-27T02:16:50.08
7.800e+11,1.895,0.444,0.222,4,2013-03-27T03:41:52.54
2.858e+12,2.271,0.141,0.100,2,2013-03-27T05:00:42.86
1.365e+12,2.057,0.130,0.075,3,2013-03-27T06:07:49.14
2.088e+12,2.180,0.219,0.126,3,2013-03-27T06:23:32.66
3.994e+12,2.368,0.130,0.092,2,2013-03-28T15:10:14.97
9.830e+11,1.962,0.161,0.114,2,2013-03-28T20:47:41.54
1.280e+12,2.038,0.236,0.167,2,2013-03-28T21:42:21.21
1.048e+12,1.980,0.256,0.148,3,2013-03-30T09:20:00.44
3.909e+12,2.361,0.200,0.060,11,2013-03-31T11:31:08.66
3.555e+11,1.667,0.087,0.062,2,2013-04-02T00:49:15.08
3.565e+12,2.335,0.009,0.006,2,2013-04-04T19:54:50.50
4.949e+12,2.430,0.083,0.048,3,2013-04-04T20:17:00.41
3.889e+12,2.360,0.155,0.055,8,2013-04-05T10:10:01.22
1.809e+12,2.138,0.013,0.009,2,2013-04-06T07:12:29.23
1.202e+12,2.020,0.120,0.040,9,2013-04-07T05:46:35.00
2.312e+12,2.209,0.185,0.107,3,2013-04-08T14:16:16.00
3.135e+12,2.298,0.000,0.000,1,2013-04-09T01:08:34.31
1.846e+12,2.144,0.142,0.071,4,2013-04-09T04:33:27.46
1.567e+12,2.097,0.136,0.096,2,2013-04-09T04:50:25.23
1.502e+12,2.085,0.140,0.081,3,2013-04-09T07:38:29.20
7.481e+12,2.549,0.119,0.084,2,2013-04-09T15:37:44.95
1.315e+12,2.046,0.211,0.149,2,2013-04-09T19:20:01.58
1.011e+12,1.970,0.274,0.193,2,2013-04-09T22:42:03.08
1.476e+12,2.080,0.143,0.083,3,2013-04-10T02:47:25.37
2.207e+12,2.196,0.158,0.091,3,2013-04-10T03:02:58.15
1.435e+12,2.071,0.140,0.081,3,2013-04-10T03:14:47.21
9.065e+11,1.938,0.129,0.064,4,2013-04-10T05:02:50.49
8.367e+11,1.915,0.216,0.152,2,2013-04-10T07:54:03.80
6.996e+12,2.530,0.110,0.078,2,2013-04-10T15:39:04.60
2.883e+12,2.273,0.219,0.155,2,2013-04-10T17:21:44.70
1.364e+12,2.057,0.194,0.137,2,2013-04-10T17:26:19.74
2.262e+12,2.203,0.000,0.000,1,2013-04-10T18:33:03.71
2.961e+12,2.281,0.000,0.000,1,2013-04-10T18:43:05.34
1.795e+12,2.136,0.094,0.066,2,2013-04-10T18:51:08.27
5.845e+12,2.478,0.132,0.093,2,2013-04-10T20:51:24.21
2.356e+12,2.215,0.134,0.095,2,2013-04-10T23:08:00.93
8.646e+11,1.925,0.251,0.178,2,2013-04-10T23:23:56.90
1.576e+12,2.098,0.143,0.072,4,2013-04-11T01:22:55.50
3.442e+12,2.325,0.105,0.074,2,2013-04-11T01:50:40.14
2.117e+12,2.184,0.079,0.046,3,2013-04-11T07:02:02.18
9.067e+11,1.938,0.126,0.073,3,2013-04-11T07:11:02.80
3.077e+12,2.292,0.150,0.086,3,2013-04-11T13:42:46.28
8.203e+10,1.243,0.000,0.000,1,2013-04-11T14:16:55.34
3.478e+12,2.328,0.144,0.102,2,2013-04-11T16:55:03.46
3.522e+12,2.331,0.122,0.071,3,2013-04-11T17:55:20.28
2.334e+13,2.879,0.085,0.060,2,2013-04-11T18:30:10.69
4.117e+12,2.376,0.140,0.099,2,2013-04-11T19:10:53.79
3.260e+12,2.309,0.096,0.068,2,2013-04-11T19:49:53.15
1.608e+12,2.104,0.000,0.000,1,2013-04-11T20:25:35.22
2.201e+12,2.195,0.152,0.108,2,2013-04-11T22:43:17.95
2.582e+12,2.241,0.139,0.098,2,2013-04-11T23:07:38.66
7.618e+12,2.555,0.222,0.157,2,2013-04-11T23:11:22.23
2.693e+12,2.253,0.149,0.106,2,2013-04-12T01:20:49.05
1.322e+12,2.048,0.168,0.097,3,2013-04-12T03:45:45.00
2.373e+12,2.217,0.196,0.113,3,2013-04-12T03:54:06.31
3.014e+12,2.286,0.148,0.086,3,2013-04-12T06:37:12.66
1.144e+12,2.006,0.158,0.092,3,2013-04-12T08:04:49.06
2.143e+12,2.187,0.119,0.084,2,2013-04-12T16:28:54.44
1.269e+13,2.702,0.000,0.000,1,2013-04-12T17:37:00.50
3.694e+11,1.678,0.047,0.033,2,2013-04-12T21:36:07.64
1.397e+12,2.063,0.134,0.078,3,2013-04-13T11:43:54.04
8.148e+11,1.907,0.155,0.078,4,2013-04-15T16:02:02.66
2.992e+12,2.284,0.180,0.127,2,2013-04-15T16:16:19.97
8.394e+12,2.583,0.000,0.000,1,2013-04-15T17:21:22.49
2.996e+11,1.618,0.000,0.000,1,2013-04-15T19:08:55.61
8.960e+11,1.935,0.119,0.084,2,2013-04-15T20:17:40.00
3.375e+12,2.319,0.147,0.104,2,2013-04-15T21:34:56.37
4.499e+12,2.402,0.028,0.020,2,2013-04-15T23:58:10.81
5.454e+11,1.791,0.134,0.067,4,2013-04-16T01:07:23.19
3.003e+12,2.285,0.126,0.063,4,2013-04-16T01:07:23.97
4.358e+12,2.393,0.131,0.065,4,2013-04-16T01:32:57.75
2.032e+12,2.172,0.061,0.043,2,2013-04-16T02:16:14.02
6.165e+11,1.827,0.138,0.069,4,2013-04-16T03:25:02.24
2.087e+12,2.180,0.178,0.080,5,2013-04-16T09:34:39.40
1.204e+12,2.020,0.194,0.112,3,2013-04-16T10:45:25.17
6.257e+12,2.498,0.149,0.105,2,2013-04-16T15:41:07.11
8.566e+11,1.922,0.008,0.006,2,2013-04-16T16:18:50.10
1.182e+12,2.015,0.193,0.136,2,2013-04-16T16:54:11.50
1.352e+12,2.054,0.155,0.110,2,2013-04-16T20:04:52.21
1.108e+12,1.996,0.345,0.199,3,2013-04-16T23:28:07.30
2.579e+12,2.241,0.000,0.000,1,2013-04-16T23:46:58.86
1.870e+12,2.148,0.131,0.076,3,2013-04-17T01:52:24.31
4.183e+12,2.381,0.000,0.000,1,2013-04-17T03:07:46.70
1.707e+12,2.121,0.141,0.100,2,2013-04-17T03:59:18.63
8.050e+11,1.904,0.139,0.070,4,2013-04-17T05:32:41.13
8.643e+11,1.924,0.258,0.182,2,2013-04-17T06:35:25.00
1.091e+12,1.992,0.099,0.057,3,2013-04-17T07:23:30.26
8.223e+11,1.910,0.005,0.004,2,2013-04-17T09:59:49.10
1.127e+12,2.001,0.241,0.139,3,2013-04-17T10:08:24.97
2.385e+12,2.218,0.019,0.013,2,2013-04-17T21:01:07.51
3.062e+12,2.291,0.107,0.076,2,2013-04-17T22:19:49.99
2.336e+12,2.212,0.103,0.060,3,2013-04-18T00:10:36.02
2.107e+12,2.182,0.513,0.363,2,2013-04-18T03:56:39.93
5.245e+12,2.447,0.152,0.076,4,2013-04-18T03:59:38.26
3.193e+12,2.303,0.132,0.066,4,2013-04-18T04:59:35.78
2.397e+12,2.220,0.168,0.084,4,2013-04-18T05:35:02.52
4.562e+11,1.739,0.176,0.102,3,2013-04-18T10:24:53.86
2.884e+12,2.273,0.128,0.057,5,2013-04-18T12:16:39.62
3.700e+12,2.346,0.000,0.000,1,2013-04-18T15:53:18.05
1.583e+12,2.100,0.075,0.053,2,2013-04-18T20:48:26.41
7.796e+12,2.561,0.061,0.043,2,2013-04-18T21:33:33.02
4.369e+12,2.394,0.000,0.000,1,2013-04-18T21:50:26.41
2.121e+12,2.184,0.071,0.050,2,2013-04-18T23:15:11.90
1.801e+12,2.137,0.158,0.112,2,2013-04-19T02:32:35.14
1.134e+13,2.670,0.391,0.276,2,2013-04-19T05:43:31.19
2.257e+12,2.202,0.126,0.063,4,2013-04-19T08:11:02.92
2.163e+12,2.190,0.000,0.000,1,2013-04-19T17:09:51.53
2.701e+12,2.254,0.142,0.101,2,2013-04-22T00:50:03.11
1.282e+12,2.039,0.159,0.112,2,2013-04-22T10:38:22.03
3.380e+12,2.319,0.000,0.000,1,2013-04-22T16:38:19.06
3.822e+12,2.355,0.000,0.000,1,2013-04-22T20:04:58.21
4.021e+12,2.370,0.000,0.000,1,2013-04-22T20:17:06.70
2.497e+12,2.232,0.321,0.227,2,2013-04-23T01:58:56.49
5.209e+12,2.445,0.090,0.052,3,2013-04-23T06:48:36.36
1.233e+12,2.027,0.169,0.119,2,2013-04-23T08:36:31.01
1.682e+12,2.117,0.175,0.124,2,2013-04-23T15:54:32.91
4.100e+12,2.375,0.000,0.000,1,2013-04-23T18:28:58.35
1.966e+12,2.162,0.069,0.049,2,2013-04-24T01:07:37.87
9.021e+12,2.604,0.218,0.126,3,2013-04-24T01:12:48.29
1.789e+12,2.135,0.186,0.107,3,2013-04-24T03:04:08.53
9.995e+11,1.967,0.182,0.091,4,2013-04-24T04:42:55.51
2.102e+12,2.182,0.215,0.124,3,2013-04-24T04:57:52.65
1.535e+12,2.091,0.142,0.082,3,2013-04-24T05:01:16.37
3.173e+12,2.301,0.203,0.117,3,2013-04-24T05:40:08.82
2.363e+12,2.216,0.202,0.101,4,2013-04-24T07:01:09.99
1.807e+12,2.138,0.217,0.125,3,2013-04-24T09:47:57.71
4.190e+12,2.382,0.325,0.133,6,2013-04-24T14:31:56.82
2.106e+12,2.182,0.080,0.057,2,2013-04-24T15:49:47.68
1.544e+12,2.093,0.121,0.085,2,2013-04-24T16:03:01.08
1.333e+12,2.050,0.171,0.121,2,2013-04-24T17:14:41.79
1.308e+12,2.045,0.165,0.117,2,2013-04-24T17:30:32.99
1.152e+12,2.008,0.206,0.145,2,2013-04-24T19:03:53.38
2.414e+12,2.222,0.153,0.108,2,2013-04-24T19:56:56.06
1.578e+12,2.099,0.160,0.113,2,2013-04-24T20:41:50.32
3.423e+12,2.323,0.119,0.059,4,2013-04-24T21:24:45.40
1.975e+12,2.164,0.202,0.143,2,2013-04-24T22:38:54.08
3.441e+12,2.324,0.142,0.082,3,2013-04-25T00:36:14.97
1.788e+12,2.135,0.173,0.123,2,2013-04-25T02:05:43.67
1.556e+12,2.095,0.152,0.108,2,2013-04-25T02:10:30.58
7.754e+11,1.893,0.135,0.096,2,2013-04-25T03:15:56.80
6.376e+11,1.836,0.025,0.014,3,2013-04-25T05:17:27.10
1.371e+12,2.058,0.173,0.122,2,2013-04-25T05:35:35.38
1.588e+12,2.101,0.195,0.138,2,2013-04-25T05:43:12.58
1.008e+13,2.636,0.198,0.099,4,2013-04-25T06:05:16.57
2.563e+12,2.239,0.140,0.099,2,2013-04-25T07:07:59.25
2.409e+12,2.221,0.160,0.113,2,2013-04-25T15:31:48.18
5.429e+12,2.456,0.000,0.000,1,2013-04-25T17:03:56.80
1.436e+12,2.071,0.286,0.202,2,2013-04-25T17:52:19.55
9.328e+11,1.947,0.207,0.147,2,2013-04-25T19:37:46.53
1.526e+12,2.089,0.142,0.100,2,2013-04-25T20:01:20.00
2.654e+12,2.249,0.000,0.000,1,2013-04-25T20:07:10.16
8.380e+12,2.582,0.150,0.086,3,2013-04-25T21:12:43.58
1.093e+12,1.993,0.242,0.171,2,2013-04-25T23:17:52.87
2.943e+12,2.279,0.000,0.000,1,2013-04-25T23:54:44.39
1.574e+12,2.098,0.163,0.115,2,2013-04-26T00:52:56.99
3.538e+12,2.333,0.202,0.101,4,2013-04-26T01:27:41.78
2.374e+12,2.217,0.000,0.000,1,2013-04-26T01:44:57.39
1.417e+12,2.068,0.144,0.083,3,2013-04-26T02:02:05.77
2.846e+12,2.270,0.135,0.078,3,2013-04-26T02:38:53.29
7.923e+11,1.899,0.136,0.096,2,2013-04-26T03:02:05.19
2.454e+12,2.227,0.115,0.057,4,2013-04-26T03:32:25.07
1.390e+12,2.062,0.191,0.111,3,2013-04-26T04:30:22.41
1.833e+12,2.142,0.149,0.086,3,2013-04-26T08:21:56.07
2.638e+12,2.248,0.151,0.087,3,2013-04-26T09:17:16.96
2.066e+12,2.177,0.188,0.109,3,2013-04-26T10:31:14.74
6.964e+12,2.529,0.100,0.058,3,2013-04-26T16:03:21.96
8.311e+11,1.913,0.240,0.120,4,2013-04-28T11:51:06.53
4.859e+12,2.424,0.134,0.067,4,2013-04-29T10:53:41.83
7.288e+12,2.542,0.000,0.000,1,2013-04-29T13:27:27.64
3.131e+12,2.297,0.204,0.102,4,2013-04-29T13:43:09.76
1.186e+13,2.683,0.225,0.068,11,2013-04-29T15:21:23.58
2.358e+12,2.215,0.225,0.113,4,2013-04-29T16:48:58.54
5.278e+12,2.448,0.028,0.020,2,2013-04-29T17:59:47.32
1.986e+12,2.165,0.220,0.155,2,2013-04-29T18:00:42.12
1.450e+12,2.074,0.190,0.134,2,2013-04-29T20:22:10.18
2.854e+12,2.270,0.159,0.113,2,2013-04-29T21:54:09.90
3.280e+12,2.311,0.134,0.094,2,2013-04-29T23:03:20.98
2.045e+12,2.174,0.133,0.077,3,2013-04-29T23:22:26.68
5.241e+12,2.446,0.000,0.000,1,2013-04-29T23:29:15.04
2.547e+12,2.237,0.129,0.075,3,2013-04-30T01:14:38.23
1.804e+12,2.138,0.119,0.069,3,2013-04-30T01:55:49.18
1.014e+12,1.971,0.181,0.091,4,2013-04-30T03:51:39.89
1.186e+12,2.016,0.129,0.091,2,2013-04-30T05:25:05.07
1.315e+12,2.046,0.063,0.044,2,2013-04-30T14:07:39.28
2.893e+12,2.274,0.142,0.100,2,2013-04-30T17:33:26.60
3.174e+12,2.301,0.000,0.000,1,2013-04-30T18:55:21.05
2.529e+12,2.235,0.090,0.052,3,2013-04-30T19:11:54.28
1.234e+13,2.694,0.000,0.000,1,2013-04-30T21:46:43.07
3.922e+12,2.362,0.002,0.002,2,2013-04-30T22:50:06.61
2.916e+12,2.277,0.075,0.053,2,2013-05-01T01:29:12.86
1.899e+12,2.152,0.225,0.130,3,2013-05-01T04:59:55.53
1.395e+12,2.063,0.163,0.082,4,2013-05-01T07:55:44.78
4.687e+12,2.414,0.161,0.114,2,2013-05-01T08:54:07.52
2.186e+12,2.193,0.122,0.086,2,2013-05-01T15:43:49.92
2.187e+12,2.193,0.127,0.074,3,2013-05-01T18:37:49.11
3.350e+12,2.317,0.000,0.000,1,2013-05-01T19:56:33.45
9.770e+12,2.627,0.000,0.000,1,2013-05-01T20:49:27.44
1.458e+12,2.076,0.199,0.141,2,2013-05-01T21:00:58.09
2.725e+12,2.257,0.075,0.053,2,2013-05-01T21:30:28.91
1.338e+12,2.051,0.000,0.000,1,2013-05-01T21:35:42.06
2.201e+12,2.195,0.236,0.167,2,2013-05-01T21:36:57.97
7.007e+12,2.530,0.139,0.099,2,2013-05-01T22:22:59.52
2.959e+12,2.281,0.000,0.000,1,2013-05-01T23:58:46.05
2.200e+12,2.195,0.206,0.146,2,2013-05-02T01:04:24.60
2.461e+12,2.227,0.000,0.000,1,2013-05-02T02:54:15.55
1.184e+13,2.682,0.000,0.000,1,2013-05-02T03:11:23.45
7.787e+11,1.894,0.212,0.123,3,2013-05-02T04:29:19.49
1.566e+12,2.097,0.145,0.103,2,2013-05-02T05:11:57.24
2.465e+12,2.228,0.120,0.060,4,2013-05-02T05:33:30.44
2.420e+13,2.889,0.114,0.081,2,2013-05-02T06:07:24.27
1.762e+12,2.131,0.153,0.108,2,2013-05-02T14:05:44.12
2.275e+12,2.205,0.147,0.104,2,2013-05-02T15:19:24.09
2.509e+12,2.233,0.000,0.000,1,2013-05-02T17:23:07.38
2.276e+12,2.205,0.000,0.000,1,2013-05-02T18:51:01.66
8.585e+12,2.589,0.000,0.000,1,2013-05-02T20:17:44.00
2.389e+12,2.219,0.024,0.014,3,2013-05-03T01:13:43.77
1.866e+12,2.147,0.149,0.105,2,2013-05-03T02:31:21.07
4.405e+12,2.396,0.219,0.109,4,2013-05-03T03:58:18.92
5.521e+12,2.461,0.146,0.065,5,2013-05-03T06:51:40.15
4.792e+12,2.420,0.376,0.217,3,2013-05-03T07:07:51.21
6.497e+12,2.509,0.000,0.000,1,2013-05-03T09:24:06.14
3.181e+12,2.302,0.197,0.139,2,2013-05-03T13:25:52.49
3.971e+11,1.699,0.190,0.095,4,2013-05-05T03:39:54.95
3.438e+12,2.324,0.179,0.127,2,2013-05-05T08:34:17.16
5.219e+11,1.778,0.036,0.026,2,2013-05-06T01:29:42.27
3.715e+12,2.347,0.127,0.073,3,2013-05-06T18:50:47.92
2.756e+11,1.594,0.253,0.127,4,2013-05-07T06:24:56.30
3.334e+12,2.315,0.109,0.063,3,2013-05-07T15:55:15.55
6.937e+12,2.527,0.127,0.073,3,2013-05-07T20:37:00.34
5.073e+12,2.437,0.180,0.081,5,2013-05-07T20:52:01.23
1.004e+11,1.301,0.000,0.000,1,2013-05-07T21:12:38.73
4.987e+12,2.432,0.207,0.078,7,2013-05-08T01:29:30.56
3.370e+11,1.652,0.251,0.145,3,2013-05-08T09:38:22.82
3.229e+12,2.306,0.052,0.030,3,2013-05-08T13:11:55.10
8.002e+11,1.902,0.075,0.043,3,2013-05-08T13:22:49.59
5.801e+11,1.809,0.202,0.117,3,2013-05-08T23:49:55.48
1.490e+12,2.082,0.213,0.123,3,2013-05-08T23:49:56.00
2.025e+12,2.171,0.156,0.078,4,2013-05-09T03:04:44.44
8.421e+11,1.917,0.265,0.133,4,2013-05-09T05:12:45.03
1.917e+12,2.155,0.121,0.070,3,2013-05-09T08:07:16.15
1.754e+12,2.129,0.167,0.096,3,2013-05-09T09:34:59.85
1.131e+12,2.002,0.163,0.116,2,2013-05-09T10:45:55.49
6.900e+12,2.526,0.119,0.069,3,2013-05-09T16:58:43.36
5.070e+11,1.770,0.255,0.127,4,2013-05-09T17:47:31.65
5.850e+12,2.478,0.157,0.079,4,2013-05-09T20:22:01.57
2.182e+12,2.193,0.119,0.060,4,2013-05-09T20:49:27.91
1.720e+12,2.124,0.106,0.048,5,2013-05-09T21:40:10.55
2.811e+12,2.266,0.161,0.114,2,2013-05-09T22:44:52.33
2.984e+12,2.283,0.172,0.086,4,2013-05-10T00:44:58.66
4.068e+12,2.373,0.168,0.084,4,2013-05-10T06:14:06.47
2.845e+12,2.269,0.158,0.071,5,2013-05-10T06:46:40.49
1.891e+12,2.151,0.164,0.095,3,2013-05-11T05:54:49.38
9.089e+11,1.939,0.275,0.137,4,2013-05-13T00:27:16.97
1.711e+12,2.122,0.140,0.070,4,2013-05-13T02:49:00.90
3.573e+12,2.335,0.192,0.111,3,2013-05-13T18:15:16.98
7.687e+11,1.891,0.173,0.071,6,2013-05-13T20:43:29.26
4.400e+12,2.396,0.213,0.123,3,2013-05-14T00:02:04.38
3.368e+12,2.318,0.152,0.088,3,2013-05-14T01:56:40.61
3.968e+12,2.366,0.234,0.105,5,2013-05-14T02:33:31.75
4.725e+11,1.750,0.085,0.038,5,2013-05-14T09:40:48.48
4.684e+12,2.414,0.184,0.092,4,2013-05-15T03:12:06.82
6.963e+12,2.529,0.177,0.079,5,2013-05-15T06:22:25.12
2.436e+12,2.224,0.190,0.095,4,2013-05-15T07:11:45.89
4.006e+12,2.369,0.262,0.083,10,2013-05-15T08:51:22.43
2.807e+12,2.265,0.186,0.093,4,2013-05-15T09:43:45.25
9.061e+12,2.605,0.101,0.058,3,2013-05-15T21:06:31.21
4.975e+12,2.431,0.145,0.084,3,2013-05-15T21:42:35.55
3.036e+12,2.288,0.155,0.070,5,2013-05-16T06:21:18.11
2.627e+12,2.246,0.182,0.091,4,2013-05-16T07:30:00.05
3.731e+13,3.015,0.122,0.086,2,2013-05-16T20:46:56.74
1.982e+12,2.165,0.199,0.115,3,2013-05-16T23:04:18.74
3.833e+12,2.356,0.142,0.071,4,2013-05-17T00:59:17.35
4.777e+12,2.419,0.061,0.043,2,2013-05-18T11:39:16.64
1.962e+12,2.162,0.189,0.109,3,2013-05-18T17:07:00.59
5.134e+12,2.440,0.197,0.099,4,2013-05-19T08:53:37.18
3.048e+12,2.289,0.139,0.080,3,2013-05-23T07:08:01.10
4.336e+12,2.391,0.200,0.089,5,2013-05-23T07:55:55.12
4.022e+11,1.703,0.029,0.020,2,2013-05-23T09:47:48.99
3.099e+12,2.294,0.131,0.076,3,2013-05-24T13:59:37.12
2.298e+12,2.208,0.194,0.097,4,2013-05-25T06:25:55.49
1.284e+12,2.039,0.211,0.105,4,2013-05-29T02:46:15.86
2.490e+12,2.231,0.172,0.086,4,2013-05-29T07:10:11.94
5.259e+12,2.447,0.163,0.081,4,2013-05-30T01:30:28.38
1.590e+12,2.101,0.171,0.099,3,2013-05-31T03:58:40.19
2.087e+12,2.180,0.139,0.070,4,2013-05-31T08:38:32.92
2.739e+11,1.592,0.120,0.069,3,2013-05-31T12:37:13.87
3.961e+12,2.365,0.202,0.090,5,2013-05-31T17:56:32.77
2.860e+11,1.604,0.120,0.060,4,2013-06-03T09:59:46.48
4.120e+12,2.377,0.128,0.091,2,2013-06-03T13:12:16.94
2.091e+12,2.180,0.164,0.095,3,2013-06-03T19:32:10.09
2.947e+12,2.280,0.156,0.090,3,2013-06-03T21:45:14.77
7.372e+12,2.545,0.129,0.091,2,2013-06-03T23:07:24.35
2.467e+12,2.228,0.365,0.183,4,2013-06-04T19:13:54.28
1.998e+12,2.167,0.155,0.078,4,2013-06-06T05:32:45.23
9.017e+11,1.937,0.131,0.075,3,2013-06-06T14:46:56.10
7.183e+12,2.538,0.000,0.000,1,2013-06-06T17:42:00.15
1.211e+12,2.022,0.057,0.033,3,2013-06-07T17:04:28.52
3.828e+12,2.355,0.147,0.085,3,2013-06-10T18:41:51.74
4.555e+12,2.406,0.164,0.082,4,2013-06-11T00:42:17.70
1.601e+12,2.103,0.248,0.088,8,2013-06-12T00:48:00.16
1.556e+13,2.761,0.153,0.058,7,2013-06-12T09:14:04.90
3.875e+12,2.359,0.000,0.000,1,2013-06-12T14:45:08.20
4.963e+12,2.431,0.117,0.067,3,2013-06-12T20:57:00.96
6.059e+12,2.488,0.061,0.043,2,2013-06-13T19:44:56.99
8.973e+11,1.935,0.000,0.000,1,2013-06-14T02:07:21.59
1.595e+12,2.102,0.121,0.054,5,2013-06-16T07:21:47.11
1.078e+12,1.988,0.000,0.000,1,2013-06-18T11:36:15.49
1.708e+12,2.122,0.186,0.083,5,2013-06-21T05:27:20.92
1.998e+13,2.834,0.195,0.080,6,2013-06-26T17:34:41.43
5.695e+12,2.470,0.187,0.133,2,2013-06-28T00:45:43.48
5.715e+11,1.805,0.129,0.065,4,2013-07-03T06:02:30.23
7.113e+11,1.868,0.080,0.036,5,2013-07-04T13:32:57.18
1.982e+12,2.165,0.039,0.027,2,2013-07-07T04:46:14.03
1.965e+12,2.162,0.188,0.077,6,2013-07-14T06:07:31.93
1.682e+12,2.117,0.185,0.053,12,2013-07-14T06:10:54.32
3.526e+11,1.665,0.077,0.038,4,2013-07-25T05:29:33.56
7.131e+11,1.869,0.155,0.090,3,2013-07-25T06:12:48.38
4.807e+12,2.421,0.134,0.067,4,2013-07-28T02:17:12.35
3.463e+12,2.326,0.142,0.082,3,2013-07-28T20:08:33.78
4.559e+12,2.406,0.160,0.057,8,2013-07-29T08:29:39.22
5.886e+11,1.813,0.041,0.024,3,2013-08-01T02:36:42.98
3.198e+12,2.303,0.119,0.059,4,2013-08-10T10:21:24.73
1.153e+12,2.008,0.000,0.000,1,2013-08-10T21:24:56.59
1.431e+12,2.070,0.000,0.000,1,2013-08-12T18:54:49.29
5.658e+12,2.468,0.156,0.070,5,2013-08-18T06:59:03.39
4.607e+11,1.742,0.101,0.051,4,2013-08-18T08:28:52.19
2.520e+11,1.568,0.041,0.029,2,2013-08-20T11:20:06.50
3.187e+11,1.636,0.168,0.097,3,2013-08-21T07:43:56.65
4.265e+12,2.387,0.019,0.014,2,2013-08-31T11:15:35.01
1.244e+13,2.697,0.187,0.071,7,2013-09-04T11:47:08.55
4.013e+11,1.702,0.000,0.000,1,2013-09-04T16:57:10.45
3.208e+11,1.638,0.087,0.050,3,2013-09-10T10:51:15.80
4.142e+12,2.378,0.044,0.025,3,2013-09-11T05:09:52.59
5.175e+11,1.776,0.000,0.000,1,2013-09-11T08:01:35.26
6.258e+11,1.831,0.041,0.029,2,2013-09-12T00:27:28.98
9.515e+11,1.952,0.108,0.044,6,2013-09-12T01:05:46.80
1.034e+12,1.976,0.090,0.045,4,2013-09-13T17:11:24.36
4.924e+12,2.428,1.011,0.584,3,2013-09-15T10:18:53.20
8.373e+11,1.915,0.174,0.100,3,2013-09-19T19:47:28.62
3.496e+12,2.329,0.157,0.050,10,2013-09-21T11:54:18.42
1.623e+11,1.440,0.073,0.033,5,2013-09-21T12:04:48.35
3.809e+11,1.687,0.054,0.038,2,2013-10-07T14:16:56.69
4.687e+11,1.747,0.000,0.000,1,2013-10-08T20:31:39.84
3.719e+11,1.680,0.000,0.000,1,2013-10-08T21:35:06.72
2.257e+13,2.869,0.051,0.026,4,2013-10-09T13:48:52.83
1.293e+12,2.041,0.197,0.114,3,2013-10-10T03:06:31.87
7.839e+12,2.563,0.063,0.032,4,2013-10-11T00:50:41.30
3.459e+12,2.326,0.132,0.059,5,2013-10-11T09:19:50.66
4.377e+12,2.394,0.095,0.067,2,2013-10-12T18:09:42.46
8.246e+13,3.244,0.066,0.033,4,2013-10-13T08:02:57.82
1.884e+12,2.150,0.101,0.059,3,2013-10-14T09:32:13.03
5.853e+11,1.812,0.090,0.052,3,2013-10-14T10:25:43.75
6.035e+11,1.820,0.139,0.080,3,2013-10-15T02:01:44.41
1.478e+13,2.747,0.717,0.293,6,2013-10-15T10:59:17.52
2.545e+12,2.237,0.047,0.033,2,2013-10-16T02:17:59.30
5.343e+12,2.452,0.194,0.079,6,2013-10-16T18:28:00.38
2.249e+13,2.868,0.129,0.049,7,2013-10-16T18:31:10.63
3.434e+12,2.324,0.038,0.022,3,2013-10-16T18:39:31.40
3.604e+12,2.338,0.064,0.045,2,2013-10-16T19:38:17.02
3.817e+12,2.355,0.057,0.033,3,2013-10-16T19:52:11.95
8.298e+12,2.579,0.189,0.095,4,2013-10-16T19:54:46.91
1.083e+13,2.657,0.158,0.079,4,2013-10-16T23:06:51.51
3.024e+12,2.287,0.045,0.032,2,2013-10-16T23:38:18.16
8.825e+12,2.597,0.051,0.026,4,2013-10-17T01:26:34.65
8.779e+12,2.596,0.193,0.079,6,2013-10-17T03:25:36.02
2.872e+12,2.272,0.123,0.071,3,2013-10-17T11:39:35.32
5.138e+12,2.441,0.055,0.028,4,2013-10-17T15:27:22.98
4.182e+12,2.381,0.064,0.045,2,2013-10-18T02:13:23.48
3.110e+12,2.295,0.023,0.016,2,2013-10-18T02:15:57.38
4.774e+12,2.419,0.037,0.021,3,2013-10-18T04:23:00.60
2.126e+12,2.185,0.085,0.038,5,2013-10-18T07:28:37.06
4.340e+12,2.392,0.067,0.038,3,2013-10-18T13:01:50.18
4.472e+13,3.067,0.153,0.054,8,2013-10-20T06:24:26.31
8.283e+12,2.579,0.271,0.121,5,2013-10-20T06:37:12.78
2.285e+12,2.206,0.107,0.054,4,2013-10-21T11:22:12.34
3.765e+11,1.684,0.108,0.076,2,2013-10-23T04:58:04.82
4.283e+12,2.388,0.066,0.030,5,2013-10-23T06:10:52.35
1.160e+12,2.010,0.014,0.010,2,2013-10-23T23:47:17.89
3.711e+12,2.346,0.095,0.055,3,2013-10-24T11:08:33.59
3.619e+12,2.339,0.047,0.033,2,2013-10-24T22:08:06.23
1.927e+12,2.157,0.053,0.027,4,2013-10-25T01:25:10.03
2.143e+13,2.854,0.147,0.052,8,2013-10-26T17:18:25.08
5.699e+12,2.471,0.056,0.028,4,2013-10-27T00:23:01.73
5.306e+12,2.450,0.080,0.040,4,2013-10-27T17:12:00.90
4.961e+12,2.430,0.069,0.031,5,2013-10-27T17:48:14.75
8.268e+12,2.578,0.087,0.035,6,2013-10-27T19:48:50.82
8.682e+11,1.926,0.017,0.012,2,2013-10-29T16:47:24.35
1.778e+12,2.133,0.087,0.050,3,2013-10-30T18:36:41.70
3.197e+12,2.303,0.075,0.043,3,2013-10-31T05:20:57.93
1.138e+12,2.004,0.042,0.024,3,2013-11-01T00:01:44.03
2.008e+12,2.169,0.015,0.011,2,2013-11-02T19:52:33.12
1.466e+13,2.744,0.053,0.031,3,2013-11-02T21:54:53.91
3.930e+12,2.363,0.048,0.024,4,2013-11-03T00:59:50.76
5.132e+12,2.440,0.022,0.015,2,2013-11-05T01:47:53.29
1.069e+13,2.653,0.037,0.021,3,2013-11-05T18:32:00.18
3.456e+12,2.326,0.000,0.000,1,2013-11-05T18:53:39.92
8.342e+12,2.581,0.094,0.054,3,2013-11-05T21:23:41.93
4.136e+12,2.378,0.083,0.041,4,2013-11-06T03:24:28.93
2.079e+12,2.179,0.133,0.094,2,2013-11-06T12:30:25.27
3.301e+12,2.312,0.097,0.056,3,2013-11-06T20:14:37.87
3.813e+12,2.354,0.065,0.037,3,2013-11-07T00:46:42.68
1.211e+13,2.689,0.000,0.000,1,2013-11-07T07:17:01.20
2.320e+13,2.877,0.172,0.041,18,2013-11-07T19:04:55.76
4.188e+12,2.381,0.061,0.031,4,2013-11-08T09:24:19.81
5.540e+13,3.129,0.160,0.057,8,2013-11-09T09:05:22.86
2.642e+13,2.915,0.179,0.073,6,2013-11-09T09:08:24.89
2.185e+12,2.193,0.130,0.065,4,2013-11-09T09:15:15.02
4.080e+12,2.374,0.061,0.031,4,2013-11-09T09:23:57.29
3.391e+12,2.320,0.022,0.013,3,2013-11-09T09:46:25.25
8.313e+12,2.580,0.079,0.030,7,2013-11-09T10:15:22.56
1.492e+12,2.083,0.042,0.030,2,2013-11-09T14:17:05.33
2.575e+12,2.241,0.211,0.105,4,2013-11-09T14:39:00.88
5.086e+12,2.438,0.080,0.040,4,2013-11-09T17:36:50.61
7.474e+11,1.882,0.000,0.000,1,2013-11-09T20:40:03.26
3.382e+12,2.319,0.020,0.011,3,2013-11-09T23:32:23.50
5.056e+12,2.436,0.048,0.024,4,2013-11-10T16:54:38.65
3.770e+12,2.351,0.097,0.056,3,2013-11-13T08:11:19.67
6.101e+12,2.490,0.051,0.023,5,2013-11-13T15:04:37.18
1.992e+12,2.166,0.093,0.066,2,2013-11-13T16:01:47.78
4.501e+12,2.402,0.043,0.025,3,2013-11-14T13:44:50.86
7.682e+12,2.557,0.039,0.020,4,2013-11-15T01:39:01.11
2.246e+13,2.868,0.120,0.085,2,2013-11-15T03:54:40.33
1.973e+12,2.163,0.087,0.036,6,2013-11-16T00:22:24.91
7.033e+12,2.531,0.282,0.200,2,2013-11-16T00:36:36.00
5.743e+12,2.473,0.034,0.020,3,2013-11-16T21:09:06.43
4.306e+12,2.389,0.043,0.025,3,2013-11-17T09:20:26.21
1.701e+13,2.787,0.067,0.030,5,2013-11-18T20:35:07.00
6.208e+12,2.495,0.077,0.038,4,2013-11-19T04:48:54.64
6.187e+12,2.494,0.143,0.101,2,2013-11-19T04:55:32.30
6.720e+12,2.518,0.062,0.028,5,2013-11-19T09:25:56.81
2.139e+12,2.187,0.155,0.069,5,2013-11-20T17:59:59.90
9.450e+12,2.617,0.153,0.069,5,2013-11-20T18:00:00.08
1.268e+11,1.369,0.000,0.000,1,2013-11-21T16:49:50.36
1.280e+12,2.038,0.000,0.000,1,2013-11-22T05:36:21.82
4.310e+12,2.390,0.085,0.049,3,2013-11-22T07:15:00.71
3.271e+12,2.310,0.072,0.036,4,2013-11-25T14:24:39.54
4.821e+12,2.422,0.061,0.043,2,2013-11-25T14:29:05.19
5.500e+12,2.460,0.071,0.041,3,2013-11-25T22:59:51.47
1.986e+11,1.499,0.312,0.156,4,2013-11-26T10:34:43.30
1.708e+11,1.455,0.437,0.178,6,2013-11-26T17:02:30.12
8.148e+11,1.907,0.070,0.040,3,2013-11-27T11:20:51.88
4.320e+12,2.390,0.120,0.069,3,2013-11-27T19:12:08.12
2.197e+13,2.861,0.074,0.043,3,2013-11-28T03:52:47.91
1.042e+13,2.645,0.090,0.052,3,2013-11-28T05:07:44.17
3.262e+12,2.309,0.140,0.063,5,2013-11-28T12:23:34.00
3.837e+13,3.023,0.143,0.054,7,2013-11-28T16:12:54.26
1.540e+12,2.092,0.029,0.020,2,2013-11-28T16:36:58.25
3.758e+12,2.350,0.067,0.034,4,2013-11-29T01:39:58.97
1.671e+13,2.782,0.135,0.051,7,2013-11-30T11:54:44.52
3.158e+12,2.300,0.040,0.023,3,2013-11-30T22:47:30.10
1.833e+12,2.142,0.084,0.059,2,2013-12-01T09:07:48.77
3.060e+12,2.291,0.381,0.171,5,2013-12-04T23:37:52.30
2.382e+12,2.218,0.103,0.046,5,2013-12-11T01:32:05.59
1.498e+12,2.084,0.019,0.014,2,2013-12-11T08:31:25.58
3.412e+11,1.655,0.000,0.000,1,2013-12-11T19:39:01.90
7.484e+11,1.883,0.000,0.000,1,2013-12-11T20:41:35.14
1.492e+12,2.083,0.200,0.141,2,2013-12-13T01:25:04.41
3.971e+12,2.366,0.112,0.065,3,2013-12-13T17:11:11.52
3.572e+12,2.335,0.154,0.077,4,2013-12-15T04:46:25.49
7.150e+12,2.536,0.205,0.059,12,2013-12-15T06:58:16.49
7.711e+12,2.558,0.036,0.016,5,2013-12-15T14:30:37.27
2.147e+12,2.188,0.073,0.052,2,2013-12-16T10:56:25.20
5.737e+12,2.472,0.056,0.039,2,2013-12-19T00:44:36.21
3.755e+12,2.350,0.064,0.045,2,2013-12-19T01:40:29.30
6.002e+12,2.486,0.069,0.035,4,2013-12-19T08:50:03.42
1.686e+12,2.118,0.205,0.103,4,2013-12-20T02:03:07.30
1.088e+13,2.658,0.056,0.032,3,2013-12-22T01:46:03.16
2.530e+11,1.569,0.046,0.033,2,2013-12-24T01:28:07.95
2.682e+12,2.252,0.087,0.043,4,2013-12-24T11:12:23.58
1.214e+13,2.690,0.076,0.034,5,2013-12-24T12:23:35.98
7.280e+12,2.541,0.066,0.030,5,2013-12-24T12:37:20.76
5.709e+12,2.471,0.067,0.034,4,2013-12-24T15:53:51.11
3.422e+12,2.323,0.051,0.030,3,2013-12-25T00:43:46.86
3.827e+11,1.689,0.376,0.153,6,2013-12-26T05:03:40.17
3.906e+12,2.361,0.058,0.026,5,2013-12-27T12:10:35.86
2.084e+12,2.179,0.057,0.033,3,2013-12-27T18:30:55.36
4.933e+12,2.429,0.058,0.026,5,2013-12-27T20:00:12.72
5.192e+12,2.444,0.161,0.057,8,2013-12-27T20:09:14.20
1.264e+13,2.701,0.134,0.077,3,2013-12-27T20:55:22.46
8.966e+12,2.602,0.083,0.034,6,2013-12-28T12:15:12.97
2.001e+12,2.168,0.025,0.018,2,2013-12-29T12:58:53.59
1.276e+13,2.704,0.097,0.056,3,2013-12-30T00:51:49.26
5.978e+12,2.484,0.051,0.023,5,2013-12-30T12:19:06.10
2.099e+12,2.181,0.180,0.068,7,2014-01-01T05:47:23.49
4.780e+12,2.420,0.114,0.043,7,2014-01-04T05:57:56.00
1.065e+13,2.652,0.084,0.038,5,2014-01-04T06:12:18.02
1.170e+12,2.012,0.280,0.162,3,2014-01-04T07:07:05.45
6.246e+12,2.497,0.073,0.037,4,2014-01-04T09:40:08.54
4.392e+13,3.062,0.057,0.029,4,2014-01-05T08:46:10.27
4.119e+11,1.710,0.064,0.037,3,2014-01-07T01:19:08.90
2.844e+12,2.269,0.102,0.046,5,2014-01-09T11:56:16.42
4.217e+13,3.050,0.022,0.011,4,2014-01-11T01:51:48.21
5.734e+12,2.472,0.079,0.039,4,2014-01-11T21:23:15.42
2.720e+12,2.256,0.081,0.040,4,2014-01-12T10:25:27.85
1.305e+12,2.044,0.138,0.062,5,2014-01-12T11:48:23.49
8.752e+13,3.261,0.146,0.055,7,2014-01-15T04:52:34.85
2.622e+13,2.912,0.155,0.059,7,2014-01-15T06:08:56.06
4.805e+12,2.421,0.080,0.046,3,2014-01-15T09:33:15.63
4.031e+12,2.370,0.054,0.038,2,2014-01-16T09:13:35.37
4.545e+12,2.405,0.052,0.023,5,2014-01-17T02:06:30.31
7.537e+12,2.552,0.124,0.062,4,2014-01-19T15:39:58.47
5.071e+11,1.770,0.173,0.086,4,2014-01-21T00:06:08.21
2.350e+11,1.547,0.065,0.038,3,2014-01-22T11:43:37.86
7.280e+11,1.875,0.230,0.115,4,2014-01-22T13:22:19.62
1.186e+13,2.683,0.080,0.033,6,2014-01-23T10:55:00.99
8.059e+13,3.238,0.062,0.036,3,2014-01-24T12:11:30.38
1.860e+12,2.146,0.038,0.022,3,2014-01-25T22:01:28.18
6.605e+11,1.847,0.187,0.108,3,2014-01-27T23:13:16.39
7.472e+12,2.549,0.034,0.024,2,2014-01-29T21:45:56.84
4.515e+11,1.736,0.105,0.074,2,2014-02-03T09:31:45.75
4.487e+12,2.401,0.031,0.022,2,2014-02-10T04:08:40.18
2.718e+11,1.590,0.080,0.057,2,2014-02-10T11:19:31.07
3.415e+12,2.322,0.044,0.025,3,2014-02-11T00:24:46.80
3.169e+11,1.634,0.029,0.020,2,2014-02-11T11:24:07.25
1.186e+12,2.016,0.000,0.000,1,2014-02-13T14:03:23.70
4.882e+12,2.426,0.017,0.010,3,2014-02-14T01:36:39.60
4.791e+12,2.420,0.046,0.026,3,2014-02-20T07:28:55.61
9.047e+12,2.604,0.002,0.001,2,2014-02-20T10:01:01.34
2.506e+12,2.233,0.009,0.005,3,2014-02-25T03:47:53.78
6.263e+11,1.831,0.279,0.140,4,2014-02-25T10:38:53.09
4.223e+11,1.717,0.303,0.152,4,2014-02-26T04:02:40.61
3.276e+12,2.310,0.263,0.100,7,2014-02-27T00:00:01.24
1.754e+13,2.796,0.080,0.046,3,2014-02-27T09:47:55.20
1.825e+13,2.807,0.055,0.028,4,2014-03-02T10:22:44.56
7.016e+12,2.531,0.066,0.033,4,2014-03-02T14:13:35.09
8.158e+13,3.241,0.000,0.000,1,2014-03-02T16:53:59.49
2.258e+13,2.869,0.083,0.032,7,2014-03-04T05:50:29.08
2.380e+13,2.884,0.127,0.048,7,2014-03-04T12:19:50.85
2.810e+14,3.599,0.142,0.050,8,2014-03-05T13:57:22.34
1.058e+13,2.650,0.061,0.027,5,2014-03-05T14:06:59.61
9.370e+11,1.948,0.111,0.064,3,2014-03-05T14:37:59.43
4.498e+12,2.402,0.067,0.038,3,2014-03-05T14:48:29.44
1.926e+13,2.823,0.819,0.410,4,2014-03-06T05:24:04.13
6.416e+13,3.172,0.035,0.025,2,2014-03-07T02:39:18.16
1.353e+13,2.721,0.055,0.021,7,2014-03-07T04:20:08.07
1.056e+13,2.649,0.179,0.052,12,2014-03-07T08:54:30.70
2.496e+12,2.232,0.063,0.036,3,2014-03-07T10:36:20.14
2.165e+13,2.857,0.142,0.047,9,2014-03-07T11:09:29.60
7.164e+12,2.537,0.063,0.036,3,2014-03-07T11:27:05.88
8.248e+12,2.578,0.078,0.035,5,2014-03-07T15:45:25.54
6.902e+12,2.526,0.015,0.010,2,2014-03-07T18:13:56.41
1.402e+13,2.731,0.110,0.055,4,2014-03-07T22:23:59.84
1.801e+13,2.804,0.047,0.021,5,2014-03-08T01:51:22.78
6.757e+12,2.520,0.080,0.040,4,2014-03-08T02:15:15.41
2.826e+12,2.268,0.147,0.052,8,2014-03-08T02:41:52.63
3.644e+12,2.341,0.028,0.016,3,2014-03-11T08:51:11.80
9.172e+12,2.608,0.023,0.013,3,2014-03-11T14:27:55.70
2.612e+12,2.245,0.055,0.032,3,2014-03-12T11:07:48.04
4.932e+12,2.429,0.062,0.036,3,2014-03-12T16:39:21.60
2.314e+12,2.210,0.007,0.005,2,2014-03-15T00:14:10.39
6.003e+12,2.486,0.133,0.094,2,2014-03-15T00:37:34.86
1.429e+13,2.737,0.078,0.027,8,2014-03-15T08:16:38.20
1.262e+14,3.367,0.095,0.034,8,2014-03-15T09:54:26.91
6.522e+12,2.510,0.013,0.009,2,2014-03-18T12:51:05.22
2.996e+12,2.284,0.060,0.035,3,2014-03-20T02:47:02.25
3.303e+13,2.979,0.094,0.042,5,2014-03-20T11:45:54.45
5.201e+12,2.444,0.056,0.039,2,2014-03-20T12:08:08.98
8.374e+12,2.582,0.093,0.066,2,2014-03-20T16:39:11.66
2.095e+13,2.847,0.101,0.045,5,2014-03-20T20:33:41.11
1.532e+13,2.757,0.114,0.043,7,2014-03-22T21:24:44.69
7.309e+12,2.543,0.069,0.031,5,2014-03-22T22:15:48.46
4.454e+12,2.399,0.136,0.078,3,2014-03-25T21:26:08.58
5.259e+12,2.447,0.257,0.097,7,2014-03-28T10:06:01.43
7.695e+12,2.557,0.059,0.030,4,2014-03-29T02:20:52.97
6.690e+12,2.517,0.023,0.012,4,2014-03-30T08:19:55.01
1.713e+13,2.789,0.056,0.028,4,2014-03-30T08:37:18.82
8.780e+12,2.596,0.031,0.016,4,2014-03-30T10:48:47.07
3.504e+12,2.330,0.038,0.019,4,2014-03-30T11:33:07.77
2.659e+12,2.250,0.015,0.009,3,2014-04-01T08:41:48.73
4.741e+12,2.417,0.123,0.062,4,2014-04-01T12:16:45.80
3.499e+12,2.329,0.139,0.069,4,2014-04-02T11:51:15.91
6.662e+12,2.516,0.160,0.080,4,2014-04-02T18:44:13.69
6.033e+12,2.487,0.054,0.027,4,2014-04-02T20:06:06.86
3.881e+13,3.026,0.099,0.031,10,2014-04-03T02:45:05.32
1.181e+13,2.682,0.139,0.057,6,2014-04-03T03:11:21.49
9.166e+13,3.275,0.129,0.074,3,2014-04-03T03:20:41.20
5.491e+13,3.126,0.291,0.110,7,2014-04-03T13:55:46.48
4.077e+12,2.374,0.100,0.041,6,2014-04-03T15:20:45.26
3.914e+12,2.362,0.092,0.053,3,2014-04-03T21:29:52.47
3.525e+12,2.332,0.100,0.058,3,2014-04-04T04:09:40.32
2.009e+12,2.169,0.055,0.032,3,2014-04-05T18:17:08.03
3.392e+12,2.320,0.150,0.075,4,2014-04-07T09:24:27.60
2.810e+12,2.266,0.048,0.028,3,2014-04-08T15:09:53.22
2.605e+12,2.244,0.201,0.116,3,2014-04-08T16:06:53.76
8.653e+12,2.591,0.233,0.104,5,2014-04-09T14:13:16.61
6.305e+12,2.500,0.172,0.077,5,2014-04-09T18:14:13.34
1.326e+12,2.049,0.168,0.069,6,2014-04-10T07:03:00.98
1.044e+12,1.979,0.175,0.078,5,2014-04-10T10:35:02.93
1.343e+13,2.719,0.168,0.075,5,2014-04-10T16:02:18.77
3.891e+12,2.360,0.131,0.066,4,2014-04-10T18:22:58.48
1.832e+13,2.809,0.109,0.045,6,2014-04-11T08:57:24.42
1.766e+12,2.131,0.000,0.000,1,2014-04-11T17:29:10.84
2.729e+12,2.257,0.032,0.019,3,2014-04-12T04:43:08.45
5.426e+12,2.456,0.146,0.103,2,2014-04-14T07:47:22.84
1.209e+13,2.688,0.195,0.113,3,2014-04-14T08:47:55.20
2.890e+12,2.274,0.202,0.143,2,2014-04-14T13:26:28.92
5.087e+12,2.438,0.108,0.062,3,2014-04-14T19:17:20.73
9.989e+12,2.633,0.000,0.000,1,2014-04-14T21:02:39.85
1.807e+13,2.805,0.000,0.000,1,2014-04-15T16:03:07.42
5.017e+12,2.434,0.158,0.112,2,2014-04-15T23:17:29.58
5.149e+11,1.775,0.281,0.199,2,2014-04-16T07:29:43.22
3.262e+12,2.309,0.233,0.165,2,2014-04-16T09:46:02.44
5.493e+12,2.460,0.170,0.098,3,2014-04-16T11:18:06.03
5.860e+12,2.479,0.219,0.127,3,2014-04-16T13:11:49.18
3.901e+12,2.361,0.055,0.039,2,2014-04-18T21:00:25.12
4.572e+13,3.073,0.066,0.033,4,2014-04-22T11:14:38.25
9.890e+12,2.630,0.169,0.119,2,2014-04-22T22:49:18.83
1.126e+12,2.001,0.268,0.190,2,2014-04-24T20:46:53.18
5.322e+12,2.451,0.063,0.031,4,2014-04-26T15:50:43.18
6.155e+11,1.826,0.195,0.059,11,2014-04-28T10:33:22.50
2.370e+12,2.217,0.160,0.080,4,2014-05-01T09:26:08.51
3.426e+12,2.323,0.125,0.088,2,2014-05-01T16:15:27.12
7.912e+11,1.899,0.231,0.094,6,2014-05-02T00:14:17.87
2.826e+12,2.267,0.133,0.077,3,2014-05-02T15:34:31.23
7.300e+11,1.876,0.168,0.084,4,2014-05-06T11:06:21.89
4.043e+12,2.371,0.130,0.075,3,2014-05-07T21:23:59.33
5.751e+12,2.473,0.183,0.091,4,2014-05-07T21:57:55.17
5.539e+11,1.796,0.118,0.084,2,2014-05-08T05:59:55.32
3.021e+12,2.287,0.169,0.084,4,2014-05-08T23:50:01.09
1.688e+12,2.118,0.145,0.103,2,2014-05-09T03:31:25.97
9.422e+12,2.616,0.014,0.008,3,2014-05-09T04:16:05.07
2.135e+12,2.186,0.032,0.023,2,2014-05-09T21:35:19.90
2.409e+12,2.221,0.045,0.022,4,2014-05-11T10:53:43.34
2.298e+12,2.208,0.204,0.102,4,2014-05-12T08:33:06.80
4.765e+12,2.419,0.110,0.064,3,2014-05-12T09:01:30.74
2.446e+12,2.226,0.217,0.153,2,2014-05-12T19:03:39.45
1.432e+12,2.071,0.242,0.171,2,2014-05-12T23:22:40.28
1.510e+12,2.086,0.149,0.086,3,2014-05-13T19:05:26.57
5.939e+12,2.483,0.142,0.101,2,2014-05-13T20:11:29.55
3.965e+12,2.366,0.155,0.110,2,2014-05-13T22:10:24.53
6.215e+11,1.829,0.165,0.117,2,2014-05-14T07:47:36.95
3.954e+12,2.365,0.008,0.005,2,2014-05-14T08:30:57.92
5.746e+12,2.473,0.000,0.000,1,2014-05-14T09:11:45.86
2.446e+12,2.226,0.178,0.126,2,2014-05-14T11:28:19.36
2.965e+12,2.281,0.169,0.119,2,2014-05-14T12:28:53.01
7.386e+13,3.212,1.237,0.714,3,2014-05-14T12:33:16.25
2.201e+12,2.195,0.183,0.130,2,2014-05-14T15:48:24.60
1.731e+12,2.126,0.153,0.108,2,2014-05-14T17:07:00.34
3.650e+12,2.342,0.031,0.022,2,2014-05-14T18:44:24.17
1.295e+12,2.041,0.162,0.115,2,2014-05-15T04:20:32.03
2.210e+12,2.196,0.154,0.109,2,2014-05-15T07:43:16.92
2.481e+12,2.230,0.000,0.000,1,2014-05-15T12:35:45.04
1.186e+13,2.683,0.116,0.082,2,2014-05-15T19:17:48.00
2.181e+12,2.192,0.198,0.140,2,2014-05-16T12:35:10.34
4.220e+12,2.384,0.048,0.024,4,2014-05-16T14:42:30.42
3.714e+12,2.347,0.085,0.060,2,2014-05-16T16:08:34.77
3.168e+14,3.634,0.173,0.046,14,2014-05-16T16:54:07.28
2.066e+12,2.177,0.000,0.000,1,2014-05-18T11:11:33.60
3.705e+12,2.346,0.115,0.057,4,2014-05-18T14:08:47.92
1.113e+13,2.664,0.055,0.039,2,2014-05-18T23:27:40.60
1.514e+12,2.087,0.000,0.000,1,2014-05-19T08:20:15.77
2.438e+12,2.225,0.140,0.081,3,2014-05-20T08:59:56.57
3.931e+12,2.363,0.128,0.090,2,2014-05-20T19:02:45.19
2.069e+12,2.177,0.215,0.152,2,2014-05-20T22:22:11.81
2.890e+12,2.274,0.177,0.102,3,2014-05-21T08:22:54.20
2.842e+12,2.269,0.162,0.094,3,2014-05-21T12:10:22.64
3.303e+12,2.313,0.128,0.090,2,2014-05-21T15:42:08.16
2.191e+13,2.860,0.125,0.062,4,2014-05-21T20:43:34.63
3.697e+12,2.345,0.134,0.067,4,2014-05-22T09:04:24.52
5.916e+12,2.481,0.156,0.078,4,2014-05-22T23:38:27.87
8.303e+10,1.246,0.381,0.269,2,2014-05-25T23:02:49.65
1.107e+12,1.996,0.184,0.106,3,2014-05-27T10:31:38.30
1.677e+12,2.116,0.145,0.084,3,2014-05-27T12:19:51.81
1.829e+12,2.142,0.000,0.000,1,2014-05-27T12:42:26.80
3.928e+12,2.363,0.000,0.000,1,2014-05-27T17:43:46.13
7.269e+12,2.541,0.000,0.000,1,2014-05-27T20:08:32.48
7.390e+11,1.879,0.107,0.062,3,2014-05-28T05:19:52.07
1.554e+12,2.094,0.111,0.049,5,2014-05-28T08:14:49.47
3.609e+12,2.338,0.230,0.133,3,2014-05-28T08:53:56.88
4.859e+12,2.424,0.165,0.082,4,2014-05-28T09:34:23.93
2.174e+12,2.192,0.199,0.115,3,2014-05-28T15:12:02.12
2.908e+12,2.276,0.147,0.085,3,2014-05-28T15:14:31.88
2.193e+12,2.194,0.175,0.124,2,2014-05-28T19:00:48.03
3.176e+12,2.301,0.172,0.099,3,2014-05-28T19:34:02.47
3.176e+12,2.301,0.155,0.077,4,2014-05-29T08:26:28.34
3.177e+12,2.301,0.187,0.093,4,2014-05-29T13:53:25.72
3.735e+12,2.348,0.130,0.065,4,2014-05-29T16:06:41.24
8.530e+12,2.587,0.181,0.091,4,2014-05-29T20:02:14.36
7.185e+12,2.538,0.121,0.061,4,2014-05-29T20:40:41.26
2.360e+12,2.215,0.048,0.024,4,2014-05-31T05:14:38.06
3.050e+12,2.290,0.175,0.087,4,2014-05-31T08:25:30.53
8.294e+12,2.579,0.125,0.063,4,2014-06-02T17:59:55.30
2.592e+12,2.242,0.134,0.067,4,2014-06-03T01:28:08.92
1.056e+13,2.649,0.405,0.165,6,2014-06-03T08:08:08.77
4.013e+12,2.369,0.083,0.048,3,2014-06-03T10:00:28.17
7.233e+12,2.540,0.168,0.084,4,2014-06-03T10:43:09.28
2.073e+12,2.178,0.057,0.033,3,2014-06-03T11:45:19.60
3.074e+12,2.292,0.045,0.032,2,2014-06-03T13:43:40.82
2.266e+12,2.204,0.175,0.087,4,2014-06-03T20:57:23.35
4.280e+12,2.388,0.174,0.087,4,2014-06-04T11:19:27.95
4.031e+12,2.370,0.144,0.072,4,2014-06-04T13:41:39.85
7.592e+12,2.554,0.037,0.026,2,2014-06-04T15:40:25.75
4.670e+12,2.413,0.149,0.105,2,2014-06-04T16:28:28.54
3.908e+12,2.361,0.050,0.035,2,2014-06-05T02:07:10.95
2.246e+12,2.201,0.085,0.049,3,2014-06-05T07:00:12.19
4.284e+12,2.388,0.155,0.077,4,2014-06-05T07:02:41.75
3.545e+12,2.333,0.089,0.051,3,2014-06-05T07:05:36.68
1.501e+12,2.084,0.261,0.130,4,2014-06-05T07:40:20.29
4.698e+11,1.748,0.104,0.060,3,2014-06-05T08:20:11.08
7.239e+11,1.873,0.273,0.122,5,2014-06-05T08:40:50.22
3.497e+12,2.329,0.131,0.076,3,2014-06-05T12:49:28.96
4.848e+12,2.424,0.183,0.091,4,2014-06-05T15:20:07.91
2.756e+12,2.260,0.084,0.048,3,2014-06-05T16:57:36.20
7.159e+12,2.537,0.137,0.068,4,2014-06-05T22:16:14.39
1.122e+12,2.000,0.103,0.060,3,2014-06-06T01:56:41.58
4.344e+12,2.392,0.154,0.077,4,2014-06-06T05:08:44.44
2.435e+12,2.224,0.051,0.030,3,2014-06-06T14:40:45.77
6.670e+12,2.516,0.258,0.149,3,2014-06-07T16:31:56.07
5.688e+12,2.470,0.052,0.030,3,2014-06-08T01:53:55.78
1.412e+12,2.067,0.098,0.070,2,2014-06-08T05:15:44.06
6.573e+12,2.512,0.142,0.101,2,2014-06-09T15:42:59.50
2.000e+12,2.167,0.226,0.160,2,2014-06-09T15:54:21.84
1.129e+13,2.668,0.205,0.119,3,2014-06-09T16:06:05.89
5.058e+12,2.436,0.133,0.094,2,2014-06-09T21:16:32.49
1.271e+12,2.036,0.163,0.082,4,2014-06-10T05:05:05.81
1.511e+13,2.753,0.198,0.099,4,2014-06-10T21:23:00.04
1.133e+12,2.003,0.060,0.034,3,2014-06-11T05:55:41.42
6.782e+12,2.521,0.128,0.074,3,2014-06-11T07:24:55.67
3.725e+12,2.347,0.313,0.128,6,2014-06-11T08:52:52.25
4.207e+12,2.383,0.157,0.111,2,2014-06-11T21:18:15.03
9.218e+11,1.943,0.317,0.183,3,2014-06-12T09:11:27.75
1.073e+12,1.987,0.108,0.076,2,2014-06-12T11:50:09.38
2.578e+12,2.241,0.207,0.119,3,2014-06-12T23:23:46.94
7.551e+11,1.885,0.182,0.105,3,2014-06-13T11:40:44.43
1.890e+12,2.151,0.093,0.065,2,2014-06-14T23:49:39.84
8.185e+12,2.575,0.105,0.047,5,2014-06-16T01:11:51.36
4.113e+12,2.376,0.098,0.069,2,2014-06-16T02:26:11.43
3.758e+12,2.350,0.217,0.109,4,2014-06-16T21:11:11.49
1.544e+12,2.092,0.143,0.083,3,2014-06-16T21:18:16.30
6.331e+12,2.501,0.191,0.110,3,2014-06-16T22:08:15.31
3.837e+12,2.356,0.000,0.000,1,2014-06-17T16:51:59.28
2.800e+12,2.265,0.291,0.145,4,2014-06-17T16:55:43.58
4.465e+12,2.400,0.007,0.005,2,2014-06-18T07:04:17.11
2.515e+12,2.234,0.138,0.080,3,2014-06-18T07:30:55.82
9.125e+12,2.607,0.634,0.366,3,2014-06-18T11:43:08.33
1.186e+13,2.683,0.184,0.082,5,2014-06-18T18:39:11.02
2.919e+12,2.277,0.065,0.037,3,2014-06-19T05:50:21.32
3.109e+12,2.295,0.069,0.040,3,2014-06-19T05:56:09.63
3.848e+12,2.357,0.208,0.147,2,2014-06-19T12:51:55.25
4.959e+12,2.430,0.172,0.086,4,2014-06-19T12:57:34.07
1.478e+12,2.080,0.092,0.053,3,2014-06-19T14:36:30.62
3.964e+12,2.365,0.182,0.105,3,2014-06-19T20:11:45.49
7.606e+11,1.887,0.010,0.006,3,2014-06-19T22:06:26.11
5.182e+11,1.776,0.166,0.083,4,2014-06-20T08:06:57.35
3.386e+12,2.320,0.167,0.096,3,2014-06-20T20:58:01.21
4.613e+12,2.409,0.030,0.018,3,2014-06-21T02:35:18.98
2.949e+12,2.280,0.051,0.030,3,2014-06-21T08:28:16.37
6.792e+10,1.188,0.000,0.000,1,2014-06-22T22:00:17.09
4.686e+12,2.414,0.080,0.046,3,2014-06-22T22:25:13.91
2.663e+12,2.250,0.051,0.036,2,2014-06-23T17:40:35.97
2.347e+12,2.214,0.234,0.165,2,2014-06-23T19:43:29.86
2.139e+12,2.187,0.248,0.124,4,2014-06-24T08:42:03.48
1.105e+13,2.662,0.283,0.094,9,2014-06-24T09:09:57.61
1.004e+12,1.968,0.217,0.125,3,2014-06-24T09:56:59.37
1.359e+12,2.056,0.089,0.051,3,2014-06-24T11:34:53.46
2.499e+12,2.232,0.180,0.104,3,2014-06-24T19:40:39.98
4.191e+12,2.382,0.137,0.079,3,2014-06-24T20:11:53.00
2.982e+12,2.283,0.217,0.097,5,2014-06-25T06:52:37.50
9.797e+12,2.627,0.158,0.079,4,2014-06-25T12:23:24.90
1.419e+12,2.068,0.284,0.201,2,2014-06-25T18:40:27.65
2.895e+12,2.274,0.113,0.065,3,2014-06-26T05:11:12.56
1.460e+12,2.076,0.211,0.122,3,2014-06-26T10:29:50.22
3.512e+12,2.330,0.144,0.083,3,2014-06-26T11:08:17.71
4.039e+12,2.371,0.162,0.115,2,2014-06-27T01:15:09.95
2.065e+12,2.177,0.153,0.088,3,2014-06-27T08:21:20.72
1.252e+12,2.032,0.000,0.000,1,2014-06-27T08:44:10.79
1.539e+12,2.091,0.128,0.074,3,2014-06-27T11:18:06.75
1.008e+12,1.969,0.214,0.151,2,2014-06-27T15:22:08.10
2.807e+13,2.932,0.000,0.000,1,2014-06-27T15:22:32.08
3.465e+12,2.326,0.000,0.000,1,2014-06-27T16:47:13.68
1.768e+11,1.465,0.230,0.163,2,2014-06-27T16:53:46.49
3.932e+12,2.363,0.179,0.103,3,2014-06-27T20:33:58.60
1.514e+11,1.420,0.141,0.082,3,2014-06-28T05:26:40.13
4.273e+11,1.721,0.191,0.078,6,2014-06-28T06:36:01.49
2.125e+13,2.852,0.050,0.035,2,2014-06-29T07:26:29.50
1.289e+12,2.040,0.203,0.083,6,2014-06-29T10:45:43.30
2.707e+12,2.255,0.176,0.088,4,2014-06-29T11:24:30.80
1.336e+12,2.051,0.141,0.100,2,2014-06-30T14:02:25.98
1.279e+12,2.038,0.148,0.085,3,2014-07-01T12:43:33.89
3.739e+12,2.349,0.170,0.085,4,2014-07-01T22:26:43.24
3.507e+12,2.330,0.222,0.157,2,2014-07-02T12:14:29.66
2.059e+12,2.176,0.142,0.100,2,2014-07-02T15:40:06.83
3.016e+12,2.286,0.114,0.081,2,2014-07-02T16:02:25.65
1.477e+12,2.080,0.169,0.097,3,2014-07-02T18:18:00.79
3.492e+12,2.329,0.000,0.000,1,2014-07-03T19:13:33.00
5.574e+12,2.464,0.134,0.095,2,2014-07-03T21:10:26.98
6.222e+12,2.496,0.000,0.000,1,2014-07-04T01:09:17.60
9.520e+11,1.952,0.000,0.000,1,2014-07-06T13:35:16.41
5.966e+11,1.817,0.178,0.079,5,2014-07-07T06:49:37.62
1.384e+12,2.061,0.056,0.032,3,2014-07-07T07:39:00.42
5.080e+12,2.437,0.173,0.086,4,2014-07-07T18:40:47.07
1.315e+12,2.046,0.242,0.171,2,2014-07-07T20:33:41.17
3.667e+12,2.343,0.015,0.011,2,2014-07-07T20:46:00.58
2.677e+12,2.252,0.123,0.087,2,2014-07-07T22:13:39.57
2.232e+12,2.199,0.189,0.109,3,2014-07-08T03:33:53.90
3.324e+12,2.314,0.193,0.097,4,2014-07-08T04:46:50.15
2.947e+12,2.280,0.157,0.090,3,2014-07-08T04:46:50.20
4.874e+12,2.425,0.315,0.182,3,2014-07-08T08:36:11.01
3.946e+12,2.364,0.020,0.014,2,2014-07-08T16:28:26.90
2.807e+11,1.599,0.153,0.088,3,2014-07-08T17:34:51.05
2.164e+12,2.190,0.146,0.084,3,2014-07-08T22:35:30.02
2.631e+12,2.247,0.191,0.068,8,2014-07-09T05:18:15.92
2.139e+12,2.187,0.193,0.111,3,2014-07-09T10:55:51.38
4.469e+11,1.734,0.261,0.185,2,2014-07-09T13:14:35.94
6.354e+11,1.835,0.186,0.108,3,2014-07-09T21:01:49.35
1.322e+12,2.048,0.081,0.047,3,2014-07-10T12:24:12.38
3.888e+12,2.360,0.000,0.000,1,2014-07-10T15:27:50.36
3.329e+12,2.315,0.000,0.000,1,2014-07-10T16:16:08.39
4.280e+12,2.388,0.138,0.069,4,2014-07-10T17:26:19.66
2.444e+12,2.225,0.027,0.019,2,2014-07-12T16:52:47.65
2.296e+12,2.207,0.172,0.086,4,2014-07-13T16:42:52.44
4.750e+12,2.418,0.114,0.057,4,2014-07-17T05:13:13.73
2.067e+11,1.510,0.711,0.355,4,2014-07-20T06:24:44.41
3.103e+11,1.628,0.262,0.185,2,2014-07-21T16:47:12.84
1.712e+12,2.122,0.157,0.091,3,2014-07-21T17:03:14.20
4.831e+11,1.756,0.115,0.051,5,2014-07-23T15:26:30.49
2.002e+11,1.501,0.085,0.049,3,2014-07-23T15:28:27.03
4.808e+12,2.421,0.108,0.076,2,2014-07-23T18:28:51.84
8.107e+11,1.906,0.148,0.052,8,2014-07-24T05:54:43.07
4.194e+12,2.382,0.069,0.031,5,2014-07-24T08:46:31.80
6.962e+11,1.862,0.169,0.097,3,2014-07-24T14:34:26.97
2.832e+12,2.268,0.134,0.095,2,2014-07-25T23:40:57.34
1.356e+12,2.055,0.179,0.103,3,2014-07-26T11:24:30.53
4.813e+11,1.755,0.129,0.075,3,2014-07-30T11:48:08.74
9.596e+11,1.955,0.253,0.179,2,2014-07-31T23:35:34.39
2.623e+12,2.246,0.000,0.000,1,2014-08-01T21:19:34.37
2.270e+12,2.204,0.051,0.026,4,2014-08-07T03:09:40.69
1.236e+13,2.695,0.175,0.123,2,2014-08-08T04:18:14.42
4.971e+11,1.764,0.118,0.084,2,2014-08-08T08:50:13.12
6.525e+11,1.843,0.284,0.116,6,2014-08-09T05:17:57.13
4.597e+11,1.742,0.125,0.056,5,2014-08-09T05:21:39.16
3.972e+12,2.366,0.000,0.000,1,2014-08-09T19:10:01.25
3.075e+12,2.292,0.058,0.041,2,2014-08-12T00:24:50.26
4.473e+13,3.067,0.042,0.029,2,2014-08-12T20:48:49.65
3.268e+12,2.310,0.023,0.016,2,2014-08-14T03:39:40.60
3.613e+12,2.339,0.000,0.000,1,2014-08-14T12:07:31.42
6.007e+12,2.486,0.069,0.049,2,2014-08-14T23:32:29.76
1.019e+12,1.972,0.380,0.219,3,2014-08-15T01:07:55.65
4.597e+12,2.408,0.046,0.026,3,2014-08-15T06:07:29.89
3.222e+12,2.305,0.032,0.023,2,2014-08-15T14:56:15.21
2.711e+12,2.255,0.047,0.033,2,2014-08-16T22:59:42.20
4.293e+12,2.389,0.048,0.021,5,2014-08-17T08:02:33.72
2.432e+12,2.224,0.081,0.046,3,2014-08-17T13:19:13.40
7.469e+12,2.549,0.111,0.050,5,2014-08-17T16:33:37.08
1.943e+12,2.159,0.067,0.033,4,2014-08-18T05:16:47.69
2.621e+12,2.246,0.039,0.022,3,2014-08-18T06:30:08.66
4.338e+12,2.392,0.119,0.069,3,2014-08-19T00:02:36.87
4.803e+12,2.421,0.033,0.024,2,2014-08-19T15:09:48.30
6.871e+14,3.858,0.167,0.048,12,2014-08-20T04:05:15.02
5.517e+12,2.461,0.148,0.066,5,2014-08-24T08:58:34.97
5.265e+12,2.448,0.073,0.042,3,2014-09-05T06:00:50.80
7.069e+12,2.533,0.054,0.027,4,2014-09-05T09:20:17.59
3.081e+13,2.959,0.090,0.064,2,2014-09-05T10:11:59.77
8.350e+11,1.914,0.000,0.000,1,2014-09-05T11:11:10.39
6.579e+12,2.512,0.072,0.036,4,2014-09-06T11:41:55.42
1.726e+14,3.458,0.157,0.052,9,2014-09-06T15:32:57.27
3.112e+13,2.962,0.130,0.046,8,2014-09-06T16:05:04.77
5.438e+12,2.457,0.070,0.035,4,2014-09-06T16:54:10.98
7.354e+12,2.544,0.095,0.055,3,2014-09-06T18:29:34.54
2.749e+12,2.259,0.039,0.019,4,2014-09-08T10:28:11.73
6.221e+12,2.496,0.136,0.061,5,2014-09-10T02:56:15.35
3.975e+13,3.033,0.190,0.053,13,2014-09-11T06:33:05.84
2.459e+12,2.227,0.273,0.136,4,2014-09-17T00:21:46.76
3.340e+11,1.649,0.239,0.120,4,2014-09-17T01:10:48.75
4.995e+11,1.766,0.210,0.105,4,2014-09-17T05:56:39.30
7.079e+11,1.867,0.124,0.055,5,2014-09-17T06:11:09.66
1.190e+12,2.017,0.260,0.150,3,2014-09-17T06:49:36.00
6.574e+12,2.512,0.353,0.177,4,2014-09-17T22:36:38.07
5.321e+11,1.784,0.221,0.128,3,2014-09-18T07:32:05.40
3.311e+11,1.647,0.228,0.132,3,2014-09-18T14:20:39.34
1.670e+12,2.115,0.233,0.104,5,2014-09-19T17:03:17.22
3.182e+12,2.302,0.367,0.183,4,2014-09-21T05:06:18.55
2.773e+12,2.262,0.276,0.138,4,2014-09-21T23:55:23.95
3.427e+11,1.657,0.219,0.098,5,2014-09-22T00:49:38.02
4.112e+11,1.709,0.284,0.142,4,2014-09-22T05:06:12.52
2.149e+11,1.522,0.259,0.130,4,2014-09-22T11:25:35.81
8.410e+11,1.917,0.310,0.179,3,2014-09-23T01:53:20.20
4.157e+11,1.713,0.244,0.109,5,2014-09-23T10:43:53.03
9.788e+10,1.294,0.454,0.262,3,2014-09-23T11:55:23.76
6.312e+11,1.833,0.297,0.172,3,2014-09-23T13:30:39.16
1.167e+12,2.011,0.245,0.123,4,2014-09-23T14:40:13.40
5.593e+11,1.798,0.000,0.000,1,2014-09-23T14:55:28.16
5.535e+11,1.795,0.142,0.082,3,2014-09-23T16:12:03.88
4.860e+11,1.758,0.281,0.141,4,2014-09-24T18:01:58.38
6.207e+11,1.829,0.296,0.148,4,2014-09-24T22:22:42.02
2.912e+11,1.610,0.246,0.123,4,2014-09-25T10:20:23.90
1.629e+12,2.108,0.262,0.099,7,2014-09-26T09:27:38.38
3.857e+11,1.691,0.264,0.118,5,2014-09-26T10:12:37.09
1.653e+12,2.112,0.299,0.150,4,2014-09-26T16:48:32.19
4.256e+12,2.386,0.194,0.073,7,2014-09-26T18:18:31.19
6.305e+12,2.500,0.369,0.213,3,2014-09-28T13:16:17.89
6.669e+12,2.516,0.404,0.233,3,2014-09-28T14:48:38.81
1.483e+13,2.747,0.211,0.094,5,2014-09-28T15:18:51.07
4.636e+12,2.411,0.043,0.022,4,2014-09-29T05:07:02.58
5.407e+11,1.789,0.277,0.160,3,2014-10-01T11:55:59.65
1.033e+12,1.976,0.224,0.112,4,2014-10-01T12:12:59.83
3.489e+12,2.328,0.381,0.190,4,2014-10-02T14:00:48.37
4.965e+12,2.431,0.034,0.020,3,2014-10-02T20:39:42.12
2.713e+12,2.256,0.177,0.072,6,2014-10-03T03:32:50.67
2.169e+12,2.191,0.116,0.047,6,2014-10-03T21:35:28.26
3.953e+12,2.365,0.370,0.214,3,2014-10-04T03:01:12.99
1.316e+12,2.046,0.064,0.026,6,2014-10-05T04:32:56.09
6.091e+11,1.823,0.204,0.091,5,2014-10-06T04:32:28.84
5.659e+11,1.802,0.297,0.210,2,2014-10-06T19:48:31.20
1.035e+12,1.977,0.091,0.064,2,2014-10-06T23:47:04.67
9.530e+11,1.953,0.187,0.076,6,2014-10-09T22:53:13.48
3.939e+12,2.364,0.356,0.178,4,2014-10-10T03:14:21.31
3.329e+12,2.315,0.293,0.131,5,2014-10-11T08:10:09.34
1.838e+13,2.810,0.242,0.099,6,2014-10-11T16:38:21.81
6.195e+11,1.828,0.016,0.011,2,2014-10-11T17:10:13.24
2.134e+12,2.186,0.213,0.075,8,2014-10-12T05:01:06.47
5.352e+12,2.452,0.379,0.189,4,2014-10-12T10:52:57.34
1.175e+12,2.013,0.181,0.057,10,2014-10-13T12:14:15.31
1.044e+13,2.646,0.175,0.071,6,2014-10-15T06:57:18.10
2.022e+13,2.837,0.241,0.098,6,2014-10-16T11:13:24.09
3.456e+12,2.326,0.094,0.033,8,2014-10-16T11:39:52.75
1.043e+13,2.646,0.295,0.121,6,2014-10-16T12:20:04.44
3.151e+12,2.299,0.332,0.166,4,2014-10-16T15:26:09.60
6.093e+12,2.490,0.290,0.167,3,2014-10-16T22:55:19.23
2.716e+13,2.923,0.263,0.118,5,2014-10-16T23:59:15.09
1.928e+13,2.823,0.292,0.130,5,2014-10-17T02:58:05.01
4.298e+12,2.389,0.361,0.180,4,2014-10-17T05:15:40.35
1.194e+12,2.018,0.145,0.065,5,2014-10-19T09:37:24.36
4.715e+12,2.416,0.275,0.137,4,2014-10-21T23:39:39.24
7.406e+12,2.546,0.184,0.058,10,2014-10-22T04:53:31.27
6.538e+12,2.510,0.240,0.091,7,2014-10-22T05:02:50.88
4.973e+12,2.431,0.244,0.122,4,2014-10-22T05:52:17.64
4.881e+11,1.759,0.200,0.100,4,2014-10-22T06:24:27.55
2.277e+12,2.205,0.078,0.035,5,2014-10-23T06:49:03.50
4.961e+12,2.430,0.314,0.157,4,2014-10-24T12:57:39.16
3.041e+11,1.622,0.234,0.117,4,2014-10-24T13:06:41.76
1.354e+12,2.054,0.210,0.105,4,2014-10-24T19:58:25.44
2.677e+12,2.252,0.330,0.165,4,2014-10-25T11:46:23.22
2.192e+12,2.194,0.313,0.181,3,2014-10-25T22:19:19.93
1.576e+12,2.098,0.212,0.106,4,2014-10-26T15:29:32.26
3.293e+12,2.312,0.246,0.110,5,2014-10-26T15:50:08.70
2.001e+12,2.167,0.210,0.094,5,2014-10-26T16:26:21.74
1.571e+13,2.764,0.067,0.034,4,2014-10-27T03:27:44.78
3.195e+12,2.303,0.289,0.145,4,2014-10-28T12:51:38.61
1.809e+12,2.138,0.302,0.151,4,2014-10-29T03:59:58.91
6.194e+12,2.495,0.058,0.026,5,2014-10-29T06:03:34.83
1.005e+12,1.968,0.194,0.073,7,2014-10-29T08:12:42.54
3.392e+12,2.320,0.301,0.151,4,2014-10-29T09:43:45.06
2.019e+12,2.170,0.278,0.161,3,2014-10-30T07:51:57.88
1.699e+12,2.120,0.280,0.140,4,2014-10-30T09:13:24.07
1.346e+12,2.053,0.160,0.065,6,2014-11-03T04:27:06.74
7.043e+12,2.532,0.012,0.007,3,2014-11-03T21:09:47.69
7.262e+12,2.541,0.361,0.181,4,2014-11-05T19:42:23.31
2.451e+12,2.226,0.078,0.039,4,2014-11-08T13:33:18.86
5.041e+12,2.435,0.184,0.092,4,2014-11-13T14:50:11.83
7.563e+12,2.553,0.177,0.079,5,2014-11-13T15:40:10.11
4.023e+12,2.370,0.262,0.131,4,2014-11-13T15:51:20.45
6.138e+12,2.492,0.045,0.026,3,2014-11-13T15:53:22.71
6.312e+11,1.833,0.140,0.081,3,2014-11-13T16:09:35.24
3.514e+12,2.331,0.242,0.121,4,2014-11-14T07:03:20.02
2.363e+11,1.549,0.322,0.186,3,2014-11-14T08:32:14.27
9.719e+12,2.625,0.277,0.124,5,2014-11-14T09:50:58.48
7.682e+12,2.557,0.341,0.197,3,2014-11-14T12:01:18.51
1.628e+12,2.108,0.279,0.161,3,2014-11-15T04:57:59.46
5.576e+11,1.798,0.268,0.134,4,2014-11-15T06:59:15.45
3.945e+11,1.697,0.214,0.076,8,2014-11-16T01:20:09.45
1.121e+12,2.000,0.182,0.061,9,2014-11-16T07:11:54.82
1.064e+12,1.985,0.298,0.113,7,2014-11-16T09:15:26.06
3.603e+12,2.338,0.429,0.214,4,2014-11-17T02:22:23.38
1.337e+12,2.051,0.000,0.000,1,2014-11-18T17:11:55.71
1.118e+12,1.999,0.046,0.027,3,2014-11-18T18:41:05.70
4.212e+12,2.383,0.046,0.026,3,2014-11-19T00:52:18.92
1.511e+12,2.086,0.168,0.056,9,2014-11-19T22:22:46.34
5.279e+12,2.448,0.186,0.107,3,2014-11-20T12:52:09.37
1.831e+12,2.142,0.281,0.162,3,2014-11-20T20:15:42.05
1.348e+13,2.720,0.430,0.304,2,2014-11-21T17:30:50.41
6.313e+12,2.500,0.298,0.149,4,2014-11-22T11:43:34.48
9.796e+12,2.627,0.059,0.034,3,2014-11-22T14:14:13.82
2.289e+12,2.207,0.074,0.043,3,2014-11-23T09:39:37.43
1.042e+12,1.979,0.211,0.122,3,2014-11-23T17:00:23.11
3.330e+12,2.315,0.210,0.121,3,2014-11-25T22:20:35.55
2.809e+12,2.266,0.248,0.111,5,2014-12-02T20:50:21.76
5.127e+12,2.440,0.268,0.134,4,2014-12-08T16:02:00.22
1.944e+12,2.159,0.272,0.103,7,2014-12-09T10:35:41.47
1.211e+13,2.689,0.296,0.121,6,2014-12-10T13:08:38.22
2.571e+12,2.240,0.245,0.123,4,2014-12-13T12:15:19.00
1.308e+13,2.711,0.276,0.138,4,2014-12-14T14:50:41.79
5.222e+12,2.445,0.210,0.070,9,2014-12-14T15:59:50.22
3.845e+12,2.357,0.216,0.072,9,2014-12-14T16:47:11.13
3.352e+12,2.317,0.208,0.074,8,2014-12-14T19:23:49.68
2.428e+12,2.224,0.321,0.185,3,2014-12-14T19:32:45.91
8.533e+12,2.587,0.254,0.114,5,2014-12-15T19:24:31.43
2.318e+13,2.877,0.241,0.108,5,2014-12-15T21:25:19.76
4.870e+12,2.425,0.061,0.030,4,2014-12-16T04:23:18.44
1.383e+13,2.727,0.214,0.107,4,2014-12-16T12:33:10.56
5.823e+12,2.477,0.158,0.053,9,2014-12-16T13:45:49.80
3.215e+12,2.305,0.370,0.185,4,2014-12-17T17:50:42.19
6.437e+11,1.839,0.105,0.061,3,2014-12-20T19:09:39.02
2.219e+13,2.864,0.095,0.047,4,2014-12-20T22:40:37.55
3.362e+12,2.318,0.085,0.043,4,2014-12-23T17:25:16.63
6.749e+11,1.853,0.290,0.205,2,2014-12-30T14:40:37.09
4.627e+12,2.410,0.096,0.043,5,2015-01-07T09:39:11.19
1.250e+11,1.365,0.526,0.372,2,2015-01-15T22:17:35.69
1.004e+12,1.968,0.279,0.099,8,2015-01-16T05:25:13.05
8.939e+10,1.268,0.470,0.271,3,2015-01-17T18:02:16.27
1.031e+13,2.642,0.086,0.043,4,2015-01-18T19:29:19.00
2.919e+12,2.277,0.401,0.232,3,2015-01-19T15:43:50.08
4.305e+12,2.389,0.350,0.175,4,2015-01-23T19:47:38.86
2.544e+12,2.237,0.354,0.204,3,2015-01-23T22:25:41.24
1.300e+12,2.043,0.210,0.079,7,2015-01-26T04:42:33.58
1.101e+13,2.661,0.281,0.126,5,2015-01-27T03:48:58.31
2.082e+12,2.179,0.092,0.065,2,2015-01-28T18:22:12.17
1.255e+12,2.032,0.215,0.107,4,2015-01-29T12:19:11.84
1.625e+13,2.774,0.185,0.046,16,2015-01-29T12:46:51.88
9.818e+12,2.628,0.048,0.034,2,2015-01-29T12:54:59.36
3.441e+12,2.324,0.158,0.064,6,2015-01-29T13:05:07.21
4.602e+12,2.409,0.265,0.153,3,2015-01-29T13:11:05.83
3.431e+12,2.324,0.312,0.180,3,2015-01-29T13:17:47.12
8.314e+12,2.580,0.163,0.058,8,2015-01-29T13:32:33.42
6.757e+12,2.520,0.291,0.168,3,2015-01-29T13:56:51.13
7.478e+12,2.549,0.230,0.115,4,2015-01-29T14:13:42.70
1.566e+13,2.763,0.185,0.070,7,2015-01-29T14:59:12.74
1.402e+12,2.065,0.074,0.043,3,2015-02-05T03:22:17.58
1.859e+12,2.146,0.067,0.048,2,2015-02-06T17:49:41.68
1.206e+12,2.021,0.233,0.070,11,2015-02-09T01:19:27.24
1.138e+12,2.004,0.150,0.087,3,2015-02-12T03:31:52.09
7.187e+12,2.538,0.282,0.067,18,2015-02-12T04:02:52.60
3.471e+12,2.327,0.120,0.033,13,2015-02-20T17:07:57.30
1.385e+12,2.061,0.101,0.051,4,2015-02-22T04:35:30.33
3.926e+12,2.363,0.106,0.053,4,2015-02-23T16:41:34.90
5.948e+12,2.483,0.239,0.090,7,2015-02-27T22:45:56.42
2.458e+12,2.227,0.247,0.093,7,2015-03-06T16:14:26.78
6.740e+11,1.852,0.455,0.203,5,2015-03-06T19:26:46.82
1.017e+13,2.638,0.289,0.118,6,2015-03-19T19:57:34.63
2.038e+12,2.173,0.227,0.114,4,2015-03-20T23:08:42.69
3.036e+12,2.288,0.305,0.137,5,2015-03-29T05:38:57.50
6.505e+11,1.842,0.172,0.065,7,2015-03-30T03:35:56.81
1.982e+12,2.165,0.546,0.244,5,2015-04-05T05:36:06.41
2.404e+12,2.221,0.129,0.064,4,2015-04-07T14:58:43.45
3.394e+12,2.321,0.316,0.182,3,2015-04-12T19:28:09.68
3.356e+11,1.651,0.258,0.115,5,2015-04-26T12:25:51.15
4.566e+11,1.740,0.240,0.138,3,2015-04-28T10:45:49.52
3.064e+11,1.624,0.266,0.153,3,2015-04-29T15:36:34.60
1.828e+12,2.141,0.332,0.235,2,2015-05-01T15:34:38.33
5.918e+12,2.481,0.053,0.031,3,2015-05-02T09:59:19.55
2.271e+12,2.204,0.281,0.126,5,2015-05-04T01:44:06.71
7.202e+11,1.872,0.147,0.056,7,2015-05-08T08:33:59.85
7.494e+11,1.883,0.245,0.123,4,2015-05-19T20:16:14.37
7.180e+11,1.871,0.187,0.076,6,2015-05-23T16:52:32.20
5.651e+11,1.801,0.095,0.048,4,2015-05-25T09:26:54.42
9.761e+12,2.626,0.026,0.015,3,2015-06-02T15:51:08.81
1.229e+12,2.026,0.085,0.049,3,2015-06-02T18:09:23.79
5.723e+12,2.472,0.142,0.054,7,2015-06-03T08:47:18.70
2.039e+12,2.173,0.178,0.089,4,2015-06-21T14:26:40.72
3.309e+12,2.313,0.068,0.034,4,2015-06-25T18:19:57.26
3.288e+11,1.645,0.048,0.028,3,2015-06-26T19:12:50.95
8.990e+11,1.936,0.000,0.000,1,2015-07-08T05:23:27.37
5.874e+10,1.146,0.133,0.094,2,2015-07-15T00:35:42.81
1.420e+13,2.735,0.254,0.055,21,2015-07-19T09:45:13.91
9.388e+11,1.948,0.154,0.077,4,2015-07-22T03:48:21.58
1.222e+12,2.025,0.034,0.024,2,2015-07-24T17:48:39.14
8.560e+11,1.922,0.083,0.058,2,2015-07-27T12:49:07.57
1.691e+12,2.119,0.243,0.099,6,2015-08-01T06:57:20.52
1.649e+12,2.111,0.068,0.031,5,2015-08-04T03:41:45.75
1.382e+11,1.394,0.000,0.000,1,2015-08-04T04:21:26.06
2.609e+11,1.578,0.329,0.190,3,2015-08-09T02:34:27.52
2.015e+11,1.503,0.140,0.099,2,2015-08-11T02:02:48.91
2.286e+11,1.539,0.170,0.120,2,2015-08-19T18:16:40.38
5.862e+11,1.812,0.000,0.000,1,2015-08-25T22:31:45.73
1.875e+11,1.482,0.183,0.082,5,2015-08-27T01:53:30.73
7.113e+10,1.201,0.495,0.350,2,2015-09-01T16:30:04.73
3.580e+11,1.669,0.140,0.070,4,2015-09-01T22:06:01.38
2.770e+12,2.262,0.147,0.066,5,2015-09-06T23:38:53.65
9.002e+10,1.270,0.394,0.279,2,2015-09-09T18:20:56.34
3.425e+11,1.656,0.000,0.000,1,2015-09-16T15:41:40.52
1.707e+11,1.455,0.417,0.209,4,2015-09-29T13:06:05.01
2.784e+11,1.597,0.416,0.170,6,2015-09-30T04:46:03.65
6.292e+11,1.833,0.373,0.113,11,2015-09-30T10:05:32.25
2.195e+12,2.194,0.139,0.062,5,2015-10-02T00:28:21.03
4.577e+12,2.407,0.335,0.127,7,2015-10-03T10:14:06.27
8.324e+10,1.247,0.483,0.342,2,2015-10-05T12:02:59.44
1.066e+12,1.985,0.332,0.192,3,2015-10-06T15:09:57.02
1.205e+12,2.021,0.305,0.102,9,2015-10-07T12:12:22.32
3.234e+12,2.306,0.000,0.000,1,2015-10-08T03:15:58.95
2.193e+11,1.527,0.232,0.104,5,2015-10-08T08:13:47.06
2.825e+12,2.267,0.354,0.145,6,2015-10-08T15:25:09.67
1.581e+11,1.433,0.199,0.141,2,2015-10-09T00:29:43.56
1.700e+11,1.454,0.553,0.209,7,2015-10-10T07:17:56.47
4.005e+11,1.702,0.407,0.203,4,2015-10-12T18:45:14.17
4.290e+12,2.388,0.061,0.043,2,2015-10-15T16:20:15.00
7.973e+11,1.901,0.511,0.295,3,2015-10-17T01:54:01.94
4.769e+12,2.419,0.000,0.000,1,2015-10-17T16:52:21.72
1.700e+10,0.787,0.000,0.000,1,2015-10-20T11:07:29.38
1.371e+12,2.058,0.357,0.160,5,2015-10-21T10:01:56.25
4.579e+11,1.741,0.499,0.353,2,2015-10-21T11:01:07.78
2.934e+11,1.612,0.665,0.384,3,2015-10-21T15:00:07.46
1.331e+12,2.049,0.265,0.076,12,2015-10-22T02:08:21.26
6.702e+12,2.517,0.264,0.079,11,2015-10-22T02:08:21.87
5.317e+12,2.450,0.000,0.000,1,2015-10-22T22:24:05.95
4.789e+12,2.420,0.254,0.090,8,2015-10-24T16:06:04.00
6.523e+11,1.843,0.180,0.074,6,2015-10-26T19:26:59.08
2.362e+12,2.216,0.096,0.055,3,2015-10-27T14:13:14.53
1.750e+12,2.129,0.152,0.076,4,2015-10-29T07:46:21.16
4.200e+12,2.382,0.194,0.050,15,2015-11-01T20:26:24.83
5.931e+11,1.815,0.049,0.035,2,2015-11-03T11:10:17.39
2.473e+11,1.562,0.262,0.117,5,2015-11-04T16:38:20.14
4.881e+11,1.759,0.234,0.089,7,2015-11-10T23:55:56.23
1.464e+11,1.410,0.234,0.083,8,2015-11-12T20:33:22.71
4.069e+11,1.706,0.333,0.167,4,2015-11-19T14:28:45.80
1.740e+12,2.127,0.189,0.063,9,2015-11-21T15:28:05.82
1.463e+11,1.410,0.358,0.135,7,2015-11-22T08:35:47.81
9.974e+11,1.966,0.064,0.029,5,2015-12-03T18:43:36.79
3.573e+12,2.335,0.007,0.005,2,2015-12-04T07:45:34.85
2.826e+11,1.601,0.210,0.105,4,2015-12-27T02:39:19.82
9.682e+11,1.957,0.118,0.044,7,2016-01-02T14:56:07.78
1.305e+12,2.044,0.306,0.102,9,2016-01-07T13:34:13.48
8.913e+11,1.933,0.387,0.173,5,2016-01-17T06:58:09.87
4.762e+13,3.085,0.129,0.065,4,2016-02-06T22:09:50.98
1.362e+12,2.056,0.233,0.088,7,2016-02-07T23:02:52.39
1.192e+12,2.018,0.224,0.085,7,2016-02-17T15:15:03.85
2.839e+12,2.269,0.149,0.050,9,2016-02-25T14:01:28.06
1.424e+12,2.069,0.120,0.049,6,2016-03-01T02:46:10.38
8.962e+12,2.602,0.000,0.000,1,2016-03-01T13:19:06.11
1.849e+11,1.478,0.061,0.043,2,2016-03-02T22:50:50.23
8.577e+12,2.589,0.112,0.050,5,2016-03-05T10:45:10.14
7.412e+11,1.880,0.220,0.098,5,2016-03-11T16:12:16.78
7.392e+10,1.213,0.014,0.008,3,2016-03-14T08:02:09.61
1.288e+12,2.040,0.200,0.115,3,2016-03-15T13:19:53.77
9.751e+12,2.626,0.096,0.048,4,2016-03-16T10:05:38.76
3.679e+11,1.677,0.142,0.101,2,2016-03-18T22:42:04.55
4.615e+11,1.743,0.139,0.070,4,2016-03-19T14:40:21.87
1.074e+13,2.654,0.103,0.046,5,2016-04-12T20:43:28.73
2.116e+12,2.184,0.033,0.023,2,2016-04-15T17:54:23.17
1.773e+12,2.133,0.005,0.004,2,2016-04-22T08:26:35.63
6.323e+11,1.834,0.075,0.038,4,2016-04-23T01:27:43.17
2.933e+12,2.278,0.019,0.011,3,2016-04-25T18:54:57.09
7.006e+11,1.864,0.195,0.079,6,2016-04-25T22:31:43.23
1.105e+12,1.996,0.113,0.057,4,2016-04-26T20:43:25.93
6.796e+11,1.855,0.052,0.026,4,2016-04-27T18:07:49.19
5.279e+11,1.782,0.183,0.092,4,2016-04-30T05:41:46.73
1.002e+12,1.967,0.170,0.057,9,2016-04-30T19:34:04.87
3.963e+12,2.365,0.139,0.070,4,2016-04-30T21:32:03.68
1.717e+12,2.123,0.177,0.079,5,2016-05-02T16:39:37.63
1.300e+12,2.043,0.067,0.047,2,2016-05-04T00:30:30.67
1.294e+12,2.041,0.153,0.058,7,2016-05-04T02:42:22.06
1.057e+12,1.983,0.083,0.034,6,2016-05-04T02:47:26.97
1.274e+12,2.037,0.228,0.102,5,2016-05-06T01:29:03.15
1.134e+12,2.003,0.226,0.113,4,2016-05-06T04:05:41.16
9.533e+11,1.953,0.169,0.098,3,2016-05-06T04:36:53.74
3.772e+12,2.351,0.117,0.052,5,2016-05-07T16:56:25.65
2.711e+12,2.255,0.177,0.067,7,2016-05-08T04:30:04.67
1.857e+12,2.146,0.210,0.086,6,2016-05-11T04:47:03.84
6.487e+11,1.841,0.112,0.064,3,2016-05-12T10:06:56.01
1.617e+12,2.106,0.031,0.022,2,2016-05-13T03:26:48.65
2.517e+12,2.234,0.029,0.021,2,2016-05-18T00:52:41.95
6.926e+12,2.527,0.177,0.067,7,2016-05-19T08:29:52.76
1.878e+11,1.483,0.256,0.071,13,2016-05-29T06:40:38.01
3.711e+11,1.680,0.108,0.054,4,2016-06-01T15:35:44.70
6.178e+12,2.494,0.019,0.014,2,2016-06-02T12:54:51.01
2.486e+12,2.230,0.000,0.000,1,2016-06-07T14:25:58.29
3.530e+12,2.332,0.080,0.046,3,2016-06-08T13:06:18.28
3.935e+12,2.363,0.062,0.044,2,2016-06-09T11:44:50.13
2.114e+12,2.183,0.090,0.052,3,2016-06-09T14:51:20.83
5.356e+12,2.453,0.162,0.093,3,2016-06-14T08:09:55.22
2.614e+13,2.912,0.000,0.000,1,2016-06-16T01:09:19.78
5.653e+12,2.468,0.006,0.004,2,2016-06-18T17:03:04.95
5.681e+12,2.470,0.530,0.306,3,2016-06-22T05:26:22.06
1.287e+12,2.040,0.414,0.207,4,2016-06-26T20:16:13.32
1.262e+13,2.701,0.548,0.245,5,2016-06-27T14:06:19.71
4.160e+11,1.713,0.105,0.052,4,2016-06-27T22:34:05.55
1.247e+13,2.697,0.455,0.322,2,2016-06-28T18:38:05.25
2.360e+13,2.882,0.461,0.231,4,2016-07-06T13:37:16.93
1.651e+13,2.779,0.077,0.055,2,2016-07-13T15:18:45.44
5.474e+11,1.792,0.167,0.068,6,2016-07-19T12:23:15.14
9.886e+10,1.297,0.277,0.160,3,2016-07-20T23:03:47.57
4.642e+11,1.745,0.079,0.056,2,2016-08-03T03:39:36.69
1.905e+12,2.153,0.127,0.052,6,2016-08-05T06:43:58.79
2.818e+13,2.933,0.083,0.059,2,2016-08-12T17:55:55.24
9.958e+11,1.965,0.106,0.047,5,2016-08-15T10:51:30.23
4.179e+12,2.381,0.411,0.094,19,2016-08-21T09:02:41.21
1.947e+12,2.160,0.449,0.106,18,2016-08-21T09:12:01.13
1.256e+12,2.033,0.273,0.086,10,2016-08-29T22:24:05.62
2.047e+11,1.507,0.319,0.184,3,2016-09-02T00:34:03.85
1.072e+12,1.987,0.181,0.081,5,2016-09-06T21:48:41.81
9.594e+11,1.955,0.097,0.056,3,2016-09-09T22:03:22.24
3.336e+11,1.649,0.236,0.118,4,2016-09-11T18:49:28.56
1.009e+13,2.636,0.148,0.056,7,2016-09-13T01:41:44.97
1.457e+12,2.076,0.078,0.039,4,2016-09-13T02:54:11.64
1.465e+12,2.077,0.065,0.027,6,2016-09-13T08:43:07.57
2.724e+12,2.257,0.000,0.000,1,2016-09-13T09:09:21.82
7.258e+12,2.541,0.145,0.059,6,2016-09-21T13:45:54.09
2.487e+12,2.230,0.186,0.093,4,2016-09-23T22:38:49.93
1.009e+12,1.969,0.259,0.150,3,2016-09-26T00:01:57.26
8.967e+12,2.602,0.140,0.057,6,2016-09-26T11:02:32.88
3.399e+11,1.654,0.110,0.063,3,2016-09-27T10:43:08.50
1.590e+11,1.434,0.260,0.150,3,2016-09-27T19:26:53.02
4.700e+11,1.748,0.082,0.041,4,2016-09-29T16:29:28.06
2.271e+12,2.204,0.353,0.177,4,2016-10-01T15:35:06.59
3.132e+11,1.631,0.213,0.087,6,2016-10-04T14:25:36.38
2.446e+11,1.559,0.122,0.071,3,2016-10-04T19:56:07.40
9.797e+11,1.961,0.215,0.076,8,2016-10-05T12:47:25.45
5.534e+11,1.795,0.000,0.000,1,2016-10-05T20:43:38.23
4.951e+11,1.763,0.178,0.080,5,2016-10-06T17:28:57.10
6.780e+11,1.854,0.210,0.079,7,2016-10-06T22:40:13.96
8.077e+11,1.905,0.220,0.098,5,2016-10-08T08:12:42.24
5.958e+12,2.483,0.294,0.120,6,2016-10-10T20:35:17.70
5.018e+12,2.434,0.205,0.084,6,2016-10-13T12:24:39.83
6.688e+11,1.850,0.039,0.027,2,2016-10-18T05:59:48.49
3.635e+12,2.340,0.147,0.060,6,2016-10-20T03:46:50.97
9.008e+12,2.603,0.146,0.103,2,2016-10-25T04:01:36.98
2.778e+12,2.263,0.520,0.300,3,2016-10-26T02:20:12.47
7.872e+12,2.564,0.442,0.167,7,2016-10-26T07:36:23.35
9.636e+10,1.289,0.424,0.245,3,2016-10-26T16:44:12.97
6.337e+10,1.168,0.054,0.038,2,2016-10-26T18:16:10.85
3.502e+12,2.330,0.096,0.043,5,2016-10-28T14:31:34.71
2.244e+13,2.867,0.028,0.016,3,2016-11-01T07:34:37.29
2.181e+12,2.192,0.374,0.264,2,2016-11-01T13:34:08.62
2.465e+11,1.561,0.138,0.079,3,2016-11-02T16:29:30.23
2.346e+12,2.214,0.066,0.038,3,2016-11-03T18:46:22.63
1.531e+12,2.090,0.346,0.245,2,2016-11-04T10:38:33.69
2.663e+12,2.250,0.000,0.000,1,2016-11-06T05:46:09.26
6.320e+13,3.167,0.154,0.109,2,2016-11-06T17:21:25.05
7.295e+11,1.875,0.089,0.040,5,2016-11-08T00:46:13.17
4.984e+12,2.432,0.243,0.172,2,2016-11-08T17:27:59.42
1.593e+11,1.435,0.125,0.063,4,2016-11-08T18:27:12.62
1.137e+12,2.004,0.068,0.034,4,2016-11-09T04:56:10.77
6.905e+11,1.859,0.133,0.054,6,2016-11-09T06:21:24.84
3.141e+11,1.631,0.265,0.132,4,2016-11-09T09:03:25.75
3.270e+13,2.976,0.292,0.169,3,2016-11-10T07:55:28.69
3.438e+12,2.324,0.069,0.040,3,2016-11-10T23:38:09.17
2.733e+12,2.258,0.069,0.049,2,2016-11-11T07:15:07.89
1.487e+14,3.415,0.000,0.000,1,2016-11-12T01:17:57.99
5.989e+13,3.152,0.000,0.000,1,2016-11-12T05:25:15.39
1.164e+12,2.011,0.301,0.174,3,2016-11-12T15:20:17.50
6.428e+12,2.505,0.000,0.000,1,2016-11-12T23:16:54.43
1.455e+12,2.075,0.032,0.023,2,2016-11-13T01:21:13.35
5.126e+12,2.440,0.063,0.028,5,2016-11-13T23:40:18.37
9.326e+11,1.946,0.124,0.055,5,2016-11-15T05:41:27.24
1.121e+12,2.000,0.001,0.001,2,2016-11-15T06:05:56.54
8.589e+10,1.256,0.398,0.230,3,2016-11-15T23:22:13.58
2.285e+12,2.206,0.088,0.051,3,2016-11-16T06:38:44.17
3.917e+12,2.362,0.159,0.065,6,2016-11-16T11:13:07.56
5.244e+11,1.780,0.255,0.104,6,2016-11-18T10:28:54.59
1.296e+12,2.042,0.152,0.062,6,2016-11-21T19:18:55.49
7.969e+11,1.901,0.185,0.070,7,2016-11-22T20:22:21.91
4.895e+10,1.093,0.000,0.000,1,2016-11-23T10:14:33.95
8.113e+11,1.906,0.180,0.073,6,2016-11-23T18:06:25.68
7.405e+13,3.213,0.085,0.060,2,2016-11-23T20:17:44.80
3.972e+12,2.366,0.136,0.052,7,2016-11-28T10:31:18.90
4.993e+12,2.432,0.102,0.051,4,2016-11-29T12:51:38.13
3.269e+12,2.310,0.189,0.063,9,2016-12-15T00:09:07.29
8.630e+11,1.924,0.207,0.092,5,2016-12-22T20:40:48.23
1.336e+12,2.051,0.133,0.060,5,2016-12-22T20:41:00.75
1.614e+12,2.105,0.119,0.045,7,2016-12-24T19:32:24.00
1.650e+12,2.112,0.000,0.000,1,2016-12-30T18:06:27.86
1.261e+12,2.034,0.166,0.074,5,2017-01-20T01:08:57.53
3.475e+12,2.327,0.121,0.046,7,2017-01-28T12:34:06.01
1.991e+12,2.166,0.231,0.133,3,2017-02-02T22:18:29.21
1.812e+12,2.139,0.221,0.059,14,2017-02-04T14:16:32.70
7.396e+11,1.879,0.105,0.074,2,2017-02-08T11:16:29.79
1.730e+12,2.125,0.129,0.046,8,2017-02-11T12:01:25.21
1.884e+12,2.150,0.000,0.000,1,2017-02-14T21:22:37.05
2.177e+12,2.192,0.106,0.061,3,2017-02-15T14:38:21.68
8.306e+11,1.913,0.130,0.046,8,2017-02-19T13:51:16.85
2.764e+11,1.594,0.153,0.076,4,2017-02-21T01:25:34.38
3.799e+11,1.686,0.068,0.039,3,2017-03-01T18:10:47.97
5.185e+12,2.443,0.060,0.035,3,2017-03-16T11:08:26.36
2.510e+11,1.566,0.099,0.049,4,2017-03-16T12:48:08.75
1.094e+12,1.993,0.025,0.014,3,2017-03-16T14:01:08.02
5.699e+11,1.804,0.056,0.028,4,2017-03-23T04:43:16.87
4.422e+12,2.397,0.127,0.048,7,2017-04-01T07:25:04.09
4.638e+11,1.744,0.124,0.056,5,2017-04-05T04:41:12.62
4.025e+11,1.703,0.139,0.057,6,2017-04-06T10:32:20.87
3.214e+11,1.638,0.000,0.000,1,2017-04-06T14:08:50.04
4.350e+12,2.392,0.057,0.029,4,2017-04-06T23:10:46.59
3.636e+11,1.674,0.000,0.000,1,2017-04-07T03:02:18.87
1.836e+12,2.143,0.137,0.056,6,2017-04-11T08:59:20.38
2.021e+12,2.170,0.070,0.049,2,2017-04-14T02:43:41.26
3.162e+11,1.633,0.000,0.000,1,2017-04-14T17:38:40.17
4.199e+11,1.715,0.046,0.033,2,2017-04-14T19:41:15.07
1.629e+12,2.108,0.079,0.045,3,2017-04-15T16:06:35.41
5.576e+11,1.798,0.137,0.052,7,2017-04-15T23:01:41.73
2.341e+21,8.213,0.000,0.000,1,2017-04-17T23:43:31.24
3.313e+11,1.647,0.146,0.065,5,2017-04-18T01:34:26.75
1.192e+12,2.018,0.072,0.032,5,2017-04-18T05:18:01.23
3.392e+11,1.654,0.058,0.041,2,2017-04-18T15:37:59.76
2.216e+12,2.197,0.225,0.085,7,2017-04-20T11:55:08.08
2.851e+12,2.270,0.093,0.046,4,2017-04-20T21:39:43.71
4.641e+11,1.744,0.123,0.071,3,2017-04-21T22:50:50.97
1.517e+12,2.087,0.268,0.120,5,2017-04-23T10:07:11.78
6.015e+11,1.820,0.092,0.053,3,2017-04-23T21:39:23.21
4.664e+11,1.746,0.099,0.040,6,2017-05-01T21:55:24.50
4.577e+11,1.740,0.160,0.080,4,2017-05-05T18:29:22.70
3.520e+11,1.664,0.159,0.079,4,2017-05-05T20:43:57.07
3.064e+11,1.624,0.198,0.088,5,2017-05-12T17:29:01.50
4.399e+12,2.396,0.076,0.038,4,2017-05-17T10:29:31.01
9.805e+11,1.961,0.477,0.276,3,2017-05-21T00:11:52.71
2.116e+12,2.184,0.372,0.186,4,2017-05-26T20:16:25.48
5.074e+12,2.437,0.095,0.048,4,2017-05-27T19:48:27.66
1.538e+12,2.091,0.097,0.044,5,2017-06-06T01:10:59.97
3.142e+12,2.298,0.078,0.055,2,2017-06-14T15:24:55.36
1.356e+12,2.055,0.109,0.063,3,2017-06-20T17:58:39.22
9.361e+11,1.948,0.095,0.036,7,2017-06-23T03:51:52.87
3.261e+12,2.309,0.017,0.010,3,2017-06-30T06:19:02.37
9.214e+11,1.943,0.236,0.068,12,2017-07-04T16:32:42.06
4.042e+12,2.371,0.268,0.074,13,2017-07-14T09:22:55.35
1.612e+11,1.438,0.381,0.220,3,2017-07-19T18:06:09.96
2.195e+11,1.528,0.000,0.000,1,2017-07-19T18:07:09.10
3.539e+11,1.666,0.085,0.049,3,2017-07-25T03:46:14.18
3.130e+12,2.297,0.206,0.146,2,2017-08-01T15:48:24.72
2.239e+12,2.200,0.095,0.047,4,2017-08-14T03:05:24.27
6.603e+11,1.847,0.187,0.108,3,2017-08-14T22:01:18.19
7.299e+11,1.876,0.132,0.076,3,2017-08-22T19:59:43.59
1.192e+12,2.017,0.225,0.113,4,2017-09-03T21:25:02.13
1.466e+11,1.411,0.180,0.104,3,2017-09-09T20:19:06.80
1.207e+12,2.021,0.213,0.106,4,2017-09-11T04:45:33.67
3.758e+12,2.350,0.195,0.138,2,2017-09-18T16:10:55.75
1.555e+12,2.095,0.237,0.053,20,2017-09-25T08:13:29.02
6.122e+12,2.491,0.000,0.000,1,2017-09-26T03:29:42.40
4.084e+11,1.707,0.270,0.156,3,2017-09-30T09:39:08.80
1.330e+12,2.049,0.174,0.055,10,2017-10-24T14:17:31.87
5.187e+12,2.443,0.342,0.153,5,2017-11-12T04:16:25.63
3.050e+14,3.623,0.145,0.072,4,2017-11-12T19:39:23.21
6.597e+12,2.513,0.231,0.104,5,2017-11-29T21:34:09.58
6.929e+11,1.860,0.053,0.027,4,2017-12-01T01:53:14.58
2.949e+11,1.613,0.281,0.162,3,2017-12-03T00:38:01.13
7.054e+11,1.866,0.103,0.052,4,2017-12-04T16:10:00.53
3.723e+11,1.681,0.161,0.072,5,2017-12-05T04:14:33.97
8.408e+12,2.583,0.033,0.016,4,2017-12-10T11:20:24.71
9.356e+10,1.281,0.209,0.105,4,2017-12-12T00:25:00.02
3.535e+10,0.999,0.563,0.398,2,2017-12-14T07:44:48.47
1.269e+12,2.036,0.177,0.079,5,2018-01-07T02:28:21.85
7.246e+11,1.873,0.379,0.189,4,2018-01-11T12:02:03.14
3.190e+12,2.303,0.210,0.121,3,2018-01-15T11:39:22.58
5.479e+11,1.793,0.099,0.050,4,2018-01-18T20:52:45.23
3.994e+12,2.368,0.211,0.086,6,2018-01-22T05:56:58.05
2.020e+12,2.170,0.139,0.053,7,2018-01-28T21:06:43.59
3.991e+11,1.701,0.052,0.026,4,2018-01-31T19:45:54.96
3.281e+12,2.311,0.000,0.000,1,2018-02-06T18:10:39.84
9.914e+11,1.964,0.122,0.055,5,2018-02-11T06:01:25.13
8.842e+11,1.931,0.207,0.120,3,2018-02-27T18:15:12.94
9.921e+12,2.631,0.135,0.078,3,2018-03-07T17:00:50.52
4.898e+11,1.760,0.218,0.098,5,2018-03-28T06:14:23.46
1.124e+12,2.001,0.197,0.080,6,2018-03-29T03:31:03.96
3.789e+11,1.686,0.184,0.092,4,2018-03-29T14:53:49.03
9.656e+11,1.957,0.134,0.067,4,2018-03-29T16:06:54.34
9.471e+11,1.951,0.095,0.043,5,2018-03-29T17:35:41.43
7.831e+11,1.896,0.180,0.081,5,2018-03-30T07:40:03.92
3.495e+11,1.662,0.156,0.064,6,2018-04-02T00:43:41.61
3.135e+12,2.297,0.010,0.007,2,2018-04-03T05:37:19.61
1.262e+11,1.367,0.143,0.083,3,2018-04-06T15:04:48.30
7.765e+12,2.560,0.197,0.070,8,2018-04-06T20:52:36.05
1.097e+12,1.994,0.034,0.020,3,2018-04-07T11:04:18.34
5.584e+11,1.798,0.212,0.087,6,2018-04-11T04:36:22.48
6.600e+12,2.513,0.220,0.156,2,2018-04-18T08:49:51.33
1.586e+12,2.100,0.076,0.034,5,2018-04-25T06:58:00.47
1.449e+12,2.074,0.025,0.014,3,2018-04-25T07:45:02.19
3.056e+12,2.290,0.058,0.033,3,2018-05-16T20:29:07.03
5.536e+12,2.462,0.047,0.033,2,2018-05-18T03:28:40.17
1.888e+12,2.151,0.195,0.074,7,2018-05-19T03:37:06.91
2.027e+12,2.171,0.244,0.077,10,2018-05-28T05:28:40.28
6.737e+12,2.519,0.177,0.059,9,2018-05-29T06:16:24.23
1.971e+12,2.163,0.052,0.030,3,2018-06-04T05:13:24.82
2.183e+12,2.193,0.048,0.028,3,2018-06-04T10:35:16.56
4.093e+11,1.708,0.185,0.107,3,2018-06-12T10:09:17.19
6.703e+11,1.851,0.153,0.068,5,2018-06-14T04:18:21.70
8.151e+11,1.907,0.000,0.000,1,2018-06-16T21:00:32.32
2.684e+11,1.586,0.366,0.211,3,2018-06-21T19:48:01.03
1.261e+13,2.701,0.148,0.052,8,2018-06-24T13:54:34.60
1.867e+13,2.814,0.206,0.051,16,2018-06-26T07:39:00.90
6.310e+12,2.500,0.000,0.000,1,2018-06-27T06:35:54.82
6.721e+11,1.852,0.094,0.039,6,2018-06-28T16:03:43.58
